path_x; path_z
-261.2452; -135.0596
-261.340249; -134.171685
-261.436807; -133.283932
-261.534882; -132.396345
-261.634485; -131.508928
-261.735624; -130.621685
-261.838309; -129.734618
-261.942548; -128.847733
-262.048353; -127.96103
-262.155729; -127.074527
-262.264689; -126.188215
-262.375242; -125.3021
-262.487397; -124.416185
-262.601164; -123.530476
-262.716553; -122.644975
-262.833573; -121.759688
-262.952234; -120.874619
-263.072546; -119.989772
-263.194518; -119.105152
-263.318161; -118.220765
-263.443485; -117.336613
-263.570498; -116.452703
-263.699213; -115.569038
-263.829638; -114.685624
-263.961783; -113.802466
-264.09566; -112.919568
-264.231277; -112.036937
-264.368652; -111.154537
-264.507782; -110.272453
-264.648685; -109.390651
-264.79137; -108.509135
-264.935848; -107.627911
-265.08213; -106.746984
-265.230226; -105.86636
-265.380146; -104.986045
-265.531902; -104.106045
-265.685505; -103.226365
-265.840964; -102.347011
-265.998291; -101.467989
-266.157497; -100.589306
-266.318593; -99.710967
-266.481589; -98.832979
-266.646497; -97.955348
-266.813324; -97.078101
-266.98209; -96.2012
-267.152804; -95.324662
-267.325475; -94.4485
-267.500115; -93.572729
-267.676732; -92.697363
-267.855336; -91.822417
-268.035938; -90.947904
-268.218551; -90.073823
-268.403196; -89.200132
-268.589878; -88.326873
-268.778609; -87.454055
-268.9694; -86.581685
-269.162263; -85.709771
-269.35721; -84.83832
-269.554252; -83.96734
-269.753402; -83.09684
-269.954672; -82.226828
-270.158073; -81.357312
-270.363618; -80.4883
-270.571319; -79.6198
-270.781188; -78.751822
-270.993237; -77.884374
-271.207479; -77.017465
-271.423925; -76.151104
-271.642589; -75.2853
-271.863482; -74.420061
-272.086617; -73.555399
-272.312007; -72.691321
-272.539663; -71.827838
-272.769599; -70.964959
-273.001828; -70.102694
-273.236361; -69.241053
-273.473211; -68.380046
-273.712392; -67.519685
-273.953916; -66.659977
-274.197795; -65.800935
-274.444043; -64.942568
-274.692673; -64.084889
-274.943697; -63.227907
-275.197128; -62.371634
-275.45298; -61.516081
-275.711264; -60.661259
-275.971995; -59.80718
-276.235185; -58.953856
-276.500848; -58.101299
-276.768996; -57.249519
-277.039642; -56.398531
-277.3128; -55.548345
-277.588483; -54.698975
-277.866703; -53.850433
-278.147475; -53.002731
-278.430811; -52.155883
-278.716725; -51.309902
-279.005229; -50.464801
-279.296337; -49.620593
-279.590062; -48.777292
-279.886417; -47.934912
-280.185416; -47.093467
-280.487072; -46.25297
-280.791397; -45.413437
-281.098405; -44.574884
-281.40811; -43.73732
-281.720524; -42.900763
-282.035661; -42.065227
-282.353534; -41.230729
-282.674156; -40.397282
-282.99754; -39.564904
-283.323699; -38.733609
-283.652646; -37.903413
-283.984394; -37.074333
-284.318956; -36.246384
-284.656345; -35.419584
-284.996574; -34.593948
-285.339656; -33.769493
-285.685604; -32.946237
-286.034429; -32.124196
-286.386146; -31.303388
-286.740766; -30.48383
-287.098303; -29.66554
-287.458768; -28.848536
-287.822174; -28.032836
-288.188534; -27.218458
-288.55786; -26.405422
-288.930163; -25.593744
-289.305456; -24.783445
-289.683753; -23.97454
-290.065052; -23.167057
-290.449331; -22.36098
-290.836548; -21.556311
-291.226662; -20.753042
-291.619635; -19.951167
-292.015426; -19.15068
-292.413995; -18.351572
-292.815302; -17.553836
-293.219308; -16.757463
-293.625971; -15.962444
-294.035252; -15.168769
-294.447111; -14.376429
-294.861507; -13.585413
-295.2784; -12.79571
-295.697758; -12.007295
-296.119522; -11.220192
-296.543656; -10.434377
-296.970127; -9.649826
-297.398902; -8.866516
-297.829946; -8.084422
-298.263201; -7.303562
-298.698627; -6.523925
-299.13619; -5.745485
-299.57585; -4.968228
-300.017567; -4.192138
-300.461302; -3.417199
-300.907016; -2.643397
-301.354668; -1.870715
-301.80422; -1.099136
-302.255632; -0.328645
-302.708866; 0.440777
-303.163882; 1.209146
-303.620642; 1.97648
-304.079107; 2.742796
-304.53923; 3.508099
-305.000999; 4.27245
-305.464346; 5.035821
-305.929246; 5.798248
-306.395659; 6.55975
-306.863547; 7.320347
-307.332874; 8.080058
-307.803601; 8.838902
-308.275691; 9.5969
-308.749107; 10.35407
-309.22381; 11.110434
-309.699765; 11.866011
-310.176935; 12.620822
-310.655282; 13.374888
-311.134769; 14.128229
-311.615362; 14.880865
-312.097022; 15.632819
-312.579722; 16.384124
-313.063407; 17.134771
-313.548052; 17.884799
-314.033621; 18.634229
-314.520079; 19.383084
-315.00739; 20.131385
-315.495518; 20.879153
-315.984428; 21.62641
-316.474086; 22.373179
-316.964456; 23.11948
-317.455503; 23.865337
-317.947192; 24.61077
-318.439488; 25.355803
-318.932358; 26.100458
-319.425766; 26.844755
-319.919679; 27.588718
-320.414061; 28.33237
-320.908879; 29.07573
-321.404116; 29.818849
-321.8997; 30.561692
-322.395618; 31.304312
-322.891837; 32.046733
-323.388323; 32.788975
-323.885043; 33.531062
-324.381962; 34.273017
-324.879048; 35.01486
-325.376267; 35.756614
-325.873587; 36.498302
-326.370973; 37.239946
-326.868392; 37.981568
-327.365813; 38.723189
-327.863201; 39.464833
-328.360524; 40.20652
-328.857749; 40.948274
-329.354843; 41.690115
-329.851773; 42.432066
-330.348507; 43.174148
-330.845035; 43.916418
-331.341274; 44.658821
-331.83722; 45.401421
-332.33284; 46.14424
-332.828101; 46.887299
-333.322972; 47.630619
-333.817419; 48.374221
-334.311411; 49.118127
-334.804915; 49.862358
-335.297899; 50.606933
-335.79033; 51.351875
-336.282177; 52.097204
-336.773407; 52.842939
-337.263988; 53.589103
-337.753887; 54.335714
-338.243074; 55.082793
-338.731514; 55.83036
-339.219177; 56.578435
-339.70603; 57.327037
-340.192041; 58.076186
-340.677208; 58.825947
-341.161433; 59.576239
-341.64472; 60.327135
-342.127037; 61.078657
-342.608353; 61.830821
-343.088635; 62.583647
-343.567852; 63.337153
-344.04597; 64.091357
-344.522959; 64.846277
-344.998785; 65.601931
-345.473418; 66.358336
-345.946825; 67.11551
-346.418973; 67.87347
-346.889832; 68.632233
-347.359368; 69.391814
-347.827551; 70.152232
-348.294347; 70.913502
-348.759726; 71.675639
-349.223654; 72.43866
-349.6861; 73.202581
-350.147089; 73.967487
-350.606559; 74.7332
-351.064608; 75.499764
-351.521287; 76.267146
-351.976645; 77.035312
-352.430735; 77.804229
-352.883605; 78.573865
-353.335309; 79.344191
-353.785891; 80.115167
-354.235406; 80.886767
-354.683903; 81.658959
-355.131433; 82.431712
-355.578045; 83.204996
-356.023791; 83.97878
-356.468718; 84.753035
-356.912879; 85.52773
-357.356323; 86.302835
-357.799092; 87.07831
-358.24126; 87.854165
-358.682852; 88.630327
-359.123926; 89.406784
-359.56452; 90.183482
-360.004722; 90.960464
-360.444543; 91.737631
-360.884047; 92.514977
-361.323282; 93.292475
-361.7623; 94.070096
-362.201149; 94.847813
-362.63988; 95.625596
-363.078559; 96.403445
-363.517188; 97.181249
-363.955864; 97.959063
-364.394622; 98.736831
-364.833512; 99.514525
-365.272583; 100.292115
-365.711887; 101.069575
-366.151473; 101.846875
-366.591392; 102.623987
-367.031693; 103.400882
-367.472428; 104.177531
-367.913647; 104.953905
-368.355401; 105.729976
-368.79774; 106.505712
-369.240714; 107.281086
-369.684375; 108.056067
-370.128775; 108.830625
-370.573963; 109.604731
-371.019991; 110.378353
-371.466911; 111.15146
-371.914773; 111.924021
-372.363629; 112.696006
-372.813531; 113.467381
-373.26453; 114.238116
-373.716678; 115.008176
-374.170027; 115.777531
-374.62463; 116.546145
-375.080538; 117.313986
-375.537803; 118.081018
-375.996479; 118.847209
-376.456615; 119.612518
-376.91827; 120.376918
-377.381493; 121.140369
-377.846336; 121.902834
-378.312855; 122.664276
-378.7811; 123.424657
-379.251126; 124.183938
-379.722986; 124.942081
-380.196733; 125.699045
-380.672422; 126.454791
-381.150105; 127.209278
-381.629836; 127.962464
-382.11167; 128.714307
-382.59566; 129.464763
-383.08186; 130.213789
-383.570319; 130.961333
-384.061102; 131.707366
-384.554257; 132.451833
-385.049839; 133.194688
-385.5479; 133.935881
-386.048496; 134.675365
-386.55168; 135.41309
-387.057506; 136.149006
-387.566028; 136.883062
-388.0773; 137.615204
-388.591375; 138.345381
-389.108307; 139.073538
-389.628148; 139.799621
-390.150953; 140.523572
-390.676774; 141.245335
-391.205664; 141.964853
-391.737667; 142.682055
-392.272852; 143.396905
-392.811262; 144.109329
-393.352948; 144.819264
-393.897961; 145.526649
-394.446351; 146.231418
-394.998169; 146.933507
-395.553463; 147.632849
-396.112283; 148.329377
-396.674676; 149.023023
-397.240691; 149.713716
-397.810374; 150.401387
-398.38377; 151.085965
-398.960926; 151.767376
-399.541885; 152.445547
-400.126681; 153.120393
-400.715377; 153.791861
-401.308002; 154.459862
-401.904598; 155.124319
-402.505203; 155.785154
-403.109856; 156.442288
-403.718592; 157.09564
-404.331447; 157.74513
-404.948455; 158.390677
-405.569648; 159.032197
-406.195056; 159.669608
-406.824709; 160.302827
-407.458634; 160.931768
-408.096856; 161.556348
-408.739401; 162.176481
-409.386314; 162.792106
-410.037536; 163.40306
-410.69317; 164.009338
-411.353189; 164.610814
-412.017632; 165.207423
-412.686499; 165.799069
-413.359793; 166.385659
-414.037546; 166.967141
-414.719639; 167.543487
-415.405963; 168.114789
-416.096392; 168.681124
-416.7908; 169.242573
-417.489063; 169.799221
-418.191061; 170.351154
-418.896668; 170.898458
-419.60577; 171.441227
-420.318252; 171.979553
-421.033998; 172.513532
-421.752897; 173.04326
-422.474838; 173.568836
-423.199713; 174.090359
-423.927418; 174.607932
-424.657837; 175.121649
-425.390878; 175.631622
-426.126441; 176.137953
-426.864426; 176.640748
-427.604738; 177.140114
-428.347282; 177.636156
-429.091964; 178.128983
-429.838712; 178.618712
-430.587393; 179.105424
-431.337947; 179.589247
-432.09029; 180.070288
-432.844337; 180.548658
-433.600005; 181.024465
-434.357213; 181.497818
-435.115882; 181.968828
-435.875935; 182.437604
-436.637323; 182.904273
-437.399905; 183.368903
-438.163646; 183.83163
-438.928474; 184.292562
-439.694318; 184.751808
-440.461106; 185.209477
-441.22877; 185.665679
-441.99724; 186.120523
-442.76645; 186.574115
-443.536333; 187.026566
-444.306853; 187.478
-445.077878; 187.928487
-445.849382; 188.378156
-446.621302; 188.827115
-447.393573; 189.27547
-448.166134; 189.723328
-448.938922; 190.170797
-449.711875; 190.61798
-450.484931; 191.064986
-451.25803; 191.511918
-452.031111; 191.958883
-452.804133; 192.405998
-453.576992; 192.85334
-454.34965; 193.301029
-455.122049; 193.749168
-455.894125; 194.197862
-456.665821; 194.647213
-457.437073; 195.097324
-458.207821; 195.548298
-458.978004; 196.000237
-459.74756; 196.453243
-460.516427; 196.907417
-461.284529; 197.362853
-462.051854; 197.819681
-462.818278; 198.277965
-463.58376; 198.73782
-464.348237; 199.199344
-465.111643; 199.662638
-465.873913; 200.127799
-466.63498; 200.594925
-467.394778; 201.064114
-468.153237; 201.535463
-468.91029; 202.009067
-469.665867; 202.485023
-470.419885; 202.963418
-471.172312; 203.444372
-471.923033; 203.927949
-472.67199; 204.414254
-473.419109; 204.903378
-474.164314; 205.395413
-474.907529; 205.890449
-475.648677; 206.388574
-476.387679; 206.889878
-477.124456; 207.394447
-477.858926; 207.902368
-478.591008; 208.413724
-479.320618; 208.928601
-480.047676; 209.447082
-480.772087; 209.96924
-481.493771; 210.495161
-482.212642; 211.024922
-482.928611; 211.558599
-483.641588; 212.096267
-484.351483; 212.637998
-485.058205; 213.183864
-485.761662; 213.733932
-486.461759; 214.28827
-487.158404; 214.846942
-487.8515; 215.41001
-488.540952; 215.977534
-489.226677; 216.549583
-489.908525; 217.126168
-490.58644; 217.707375
-491.260326; 218.293254
-491.930084; 218.883854
-492.595614; 219.479218
-493.25682; 220.079387
-493.9136; 220.6844
-494.565858; 221.294292
-495.213493; 221.909095
-495.856407; 222.528837
-496.494501; 223.153543
-497.127679; 223.783235
-497.755841; 224.417931
-498.37904; 225.0578
-498.996881; 225.702545
-499.609421; 226.352328
-500.216566; 227.007155
-500.818226; 227.667026
-501.41431; 228.331939
-502.004729; 229.001887
-502.589396; 229.676862
-503.168226; 230.356848
-503.741119; 231.041809
-504.308017; 231.731752
-504.868841; 232.426652
-505.423512; 233.12648
-505.971955; 233.831204
-506.514122; 234.540812
-507.049953; 235.255172
-507.579488; 235.974181
-508.102779; 236.697761
-508.619855; 237.425805
-509.130742; 238.15821
-509.635469; 238.894877
-510.134103; 239.635775
-510.626567; 240.380656
-511.112953; 241.129532
-511.593283; 241.882317
-512.06758; 242.638926
-512.535862; 243.399277
-512.998149; 244.163291
-513.454496; 244.930955
-513.904845; 245.702067
-514.349236; 246.476597
-514.787701; 247.254505
-515.220254; 248.035724
-515.646906; 248.820187
-516.067666; 249.60783
-516.482544; 250.398589
-516.891547; 251.192405
-517.294681; 251.989217
-517.691981; 252.789027
-518.083387; 253.591651
-518.468937; 254.397108
-518.848634; 255.205344
-519.222476; 256.016308
-519.590461; 256.829948
-519.952586; 257.646214
-520.308846; 258.465058
-520.659236; 259.286431
-521.003748; 260.110287
-521.34237; 260.936572
-521.67512; 261.765315
-522.001937; 262.596349
-522.322833; 263.429688
-522.637791; 264.265289
-522.946807; 265.103141
-523.24984; 265.94314
-523.546881; 266.785276
-523.837911; 267.629509
-524.122907; 268.475799
-524.401844; 269.324104
-524.674696; 270.174386
-524.941444; 271.026629
-525.202026; 271.880691
-525.456454; 272.736668
-525.704678; 273.594463
-525.946663; 274.45404
-526.182373; 275.315358
-526.411771; 276.178379
-526.634818; 277.043064
-526.851471; 277.909372
-527.061688; 278.777264
-527.265424; 279.646701
-527.462631; 280.517641
-527.653262; 281.390045
-527.837264; 282.26387
-528.014585; 283.139072
-528.185171; 284.015618
-528.348965; 284.893458
-528.505908; 285.772549
-528.655938; 286.652847
-528.798992; 287.534304
-528.935004; 288.416875
-529.063909; 289.300512
-529.185634; 290.185166
-529.300109; 291.070787
-529.40726; 291.957324
-529.507008; 292.844723
-529.599276; 293.732931
-529.683981; 294.621871
-529.761042; 295.511534
-529.830371; 296.401833
-529.891879; 297.292705
-529.945476; 298.184088
-529.991067; 299.075916
-530.028556; 299.96812
-530.057845; 300.86063
-530.078832; 301.753373
-530.091414; 302.646274
-530.095485; 303.539253
-530.090935; 304.432228
-530.077656; 305.325065
-530.05553; 306.217788
-530.024443; 307.110243
-529.984275; 308.002335
-529.934907; 308.893963
-529.876214; 309.785026
-529.808071; 310.675414
-529.730351; 311.565017
-529.642924; 312.453716
-529.545658; 313.341392
-529.438419; 314.227916
-529.321073; 315.113159
-529.193492; 315.996915
-529.055518; 316.879188
-528.907022; 317.75975
-528.747864; 318.638446
-528.577904; 319.515115
-528.396999; 320.38959
-528.20501; 321.261697
-528.001795; 322.131256
-527.787214; 322.998078
-527.561128; 323.861969
-527.323398; 324.722727
-527.073908; 325.580082
-526.812485; 326.433951
-526.539019; 327.284037
-526.253382; 328.130111
-525.955451; 328.971932
-525.645109; 329.809256
-525.322242; 330.64183
-524.986743; 331.469392
-524.638512; 332.291677
-524.277455; 333.108412
-523.903489; 333.919315
-523.516555; 334.724066
-523.11655; 335.522447
-522.703438; 336.314125
-522.277174; 337.098798
-521.837725; 337.876164
-521.38507; 338.645914
-520.919204; 339.407741
-520.440133; 340.161334
-519.947878; 340.906381
-519.442477; 341.642574
-518.923981; 342.369603
-518.392459; 343.087163
-517.847996; 343.79495
-517.290688; 344.492672
-516.720665; 345.180035
-516.138166; 345.856853
-515.543541; 346.523049
-514.937147; 347.178556
-514.31934; 347.823321
-513.690474; 348.457308
-513.050892; 349.080493
-512.400968; 349.692838
-511.741011; 350.29437
-511.071353; 350.885097
-510.392323; 351.465034
-509.704241; 352.034208
-509.00736; 352.5927
-508.302108; 353.140455
-507.588743; 353.677552
-506.867521; 354.204073
-506.138725; 354.720076
-505.402629; 355.225622
-504.659502; 355.720779
-503.909551; 356.205646
-503.153124; 356.680237
-502.390412; 357.144661
-501.621667; 357.598984
-500.847084; 358.043306
-500.066885; 358.477706
-499.281283; 358.902264
-498.490449; 359.317079
-497.694648; 359.722199
-496.894036; 360.117725
-496.088824; 360.503726
-495.279148; 360.880305
-494.465182; 361.247541
-493.647091; 361.605513
-492.825039; 361.954299
-491.999143; 362.293991
-491.169627; 362.624636
-490.336596; 362.946323
-489.500221; 363.259115
-488.660592; 363.563101
-487.817841; 363.858349
-486.972095; 364.144926
-486.123478; 364.422897
-485.272107; 364.692327
-484.418009; 364.953303
-483.561473; 365.205831
-482.702548; 365.449988
-481.841296; 365.685842
-480.977819; 365.913446
-480.112217; 366.13285
-479.244584; 366.344103
-478.375015; 366.547252
-477.5036; 366.742341
-476.630428; 366.929412
-475.755479; 367.108527
-474.879064; 367.279677
-474.001138; 367.442924
-473.121781; 367.598301
-472.241071; 367.745838
-471.359087; 367.885564
-470.475903; 368.017506
-469.591594; 368.141687
-468.706232; 368.25813
-467.819888; 368.366852
-466.932633; 368.467873
-466.044504; 368.561208
-465.155634; 368.646866
-464.26606; 368.724858
-463.375846; 368.795193
-462.485062; 368.857876
-461.593772; 368.912911
-460.702043; 368.960298
-459.80994; 369.000036
-458.91753; 369.032121
-458.024876; 369.056547
-457.132046; 369.073305
-456.239105; 369.082383
-455.346098; 369.083769
-454.453132; 369.077447
-453.560254; 369.063398
-452.667532; 369.041602
-451.775033; 369.012036
-450.882827; 368.974673
-449.990983; 368.929486
-449.099571; 368.876444
-448.208664; 368.815514
-447.318334; 368.746661
-446.428657; 368.669845
-445.539707; 368.585026
-444.651561; 368.492161
-443.764309; 368.391205
-442.878007; 368.282105
-441.992751; 368.164813
-441.108628; 368.039274
-440.225724; 367.905432
-439.344128; 367.763227
-438.463933; 367.612597
-437.585234; 367.453477
-436.708129; 367.285799
-435.832718; 367.109493
-434.959105; 366.924486
-434.087397; 366.730702
-433.217746; 366.528072
-432.350176; 366.316493
-431.484856; 366.095892
-430.62191; 365.866184
-429.761466; 365.627277
-428.903656; 365.379081
-428.048619; 365.121501
-427.196496; 364.85444
-426.347437; 364.577798
-425.501596; 364.291473
-424.659133; 363.995362
-423.820214; 363.689358
-422.985083; 363.37338
-422.153769; 363.047261
-421.32654; 362.710919
-420.503591; 362.364242
-419.685124; 362.007115
-418.871351; 361.639423
-418.062491; 361.261051
-417.25878; 360.871915
-416.460327; 360.472037
-415.667282; 360.061542
-414.879762; 359.640549
-414.097876; 359.209185
-413.321723; 358.767589
-412.551411; 358.315913
-411.786994; 357.854294
-411.028566; 357.382903
-410.276194; 356.901906
-409.529936; 356.411477
-408.789841; 355.911796
-408.055958; 355.403049
-407.328305; 354.885417
-406.606912; 354.359096
-405.891793; 353.824281
-405.182954; 353.281169
-404.480393; 352.729961
-403.784078; 352.170841
-403.094031; 351.604043
-402.410206; 351.029755
-401.732594; 350.4482
-401.061103; 349.859539
-400.395715; 349.263996
-399.73637; 348.661768
-399.083007; 348.053053
-398.43556; 347.438048
-397.793957; 346.816947
-397.15812; 346.189942
-396.527968; 345.557224
-395.903413; 344.918979
-395.284346; 344.27537
-394.670724; 343.626633
-394.062412; 342.972908
-393.45931; 342.314369
-392.861312; 341.651187
-392.268311; 340.983528
-391.680197; 340.311558
-391.096858; 339.635435
-390.518181; 338.955318
-389.944005; 338.271307
-389.374317; 337.583675
-388.808933; 336.892493
-388.247732; 336.197902
-387.690594; 335.500043
-387.137396; 334.799051
-386.588016; 334.09506
-386.04233; 333.388199
-385.500213; 332.678594
-384.961541; 331.966371
-384.426149; 331.251593
-383.894003; 330.534504
-383.364923; 329.815144
-382.838784; 329.093625
-382.315459; 328.370058
-381.794824; 327.64455
-381.276754; 326.917206
-380.761122; 326.18813
-380.247805; 325.457421
-379.736677; 324.725179
-379.227575; 323.991446
-378.720457; 323.256433
-378.215153; 322.520169
-377.711539; 321.782745
-377.209491; 321.044251
-376.708886; 320.304777
-376.209601; 319.56441
-375.711514; 318.823236
-375.214501; 318.081341
-374.718441; 317.338807
-374.22319; 316.595687
-373.728671; 315.852129
-373.234738; 315.108181
-372.741271; 314.363923
-372.248148; 313.619436
-371.755249; 312.874801
-371.262454; 312.130098
-370.769641; 311.385405
-370.27669; 310.640805
-369.783481; 309.896375
-369.289903; 309.152209
-368.795807; 308.408344
-368.301102; 307.664904
-367.805662; 306.921957
-367.309364; 306.179583
-366.812088; 305.437863
-366.313716; 304.696879
-365.814128; 303.956715
-365.313205; 303.217455
-364.810826; 302.479182
-364.306872; 301.741984
-363.801224; 301.005946
-363.293763; 300.271157
-362.78437; 299.537708
-362.272925; 298.805686
-361.759308; 298.075187
-361.243402; 297.346303
-360.725087; 296.61913
-360.204245; 295.893765
-359.680756; 295.170307
-359.154503; 294.448858
-358.625368; 293.729521
-358.093233; 293.0124
-357.557981; 292.297602
-357.019495; 291.585238
-356.47766; 290.875422
-355.932357; 290.168262
-355.383474; 289.463877
-354.830895; 288.762388
-354.274508; 288.063915
-353.7142; 287.368584
-353.14986; 286.676522
-352.58138; 285.987857
-352.008649; 285.302723
-351.431561; 284.621255
-350.850011; 283.943591
-350.263896; 283.269872
-349.673118; 282.600246
-349.07757; 281.93485
-348.47716; 281.273839
-347.871794; 280.617364
-347.26138; 279.96558
-346.64583; 279.318644
-346.02506; 278.676716
-345.398989; 278.039958
-344.767538; 277.408533
-344.130635; 276.78261
-343.48821; 276.162355
-342.840182; 275.547925
-342.186531; 274.939527
-341.527182; 274.337316
-340.862115; 273.741404
-340.191422; 273.151831
-339.515196; 272.568614
-338.833526; 271.991768
-338.146505; 271.421305
-337.454223; 270.857239
-336.756795; 270.299596
-336.054241; 269.74833
-335.346722; 269.203502
-334.634303; 268.665098
-333.917071; 268.133121
-333.195115; 267.607571
-332.468523; 267.08845
-331.737382; 266.575754
-331.001777; 266.069483
-330.261794; 265.569631
-329.517519; 265.076194
-328.769033; 264.589165
-328.016433; 264.108543
-327.259786; 263.634312
-326.499176; 263.166462
-325.734682; 262.704982
-324.966384; 262.249862
-324.194359; 261.801088
-323.418686; 261.358648
-322.639442; 260.922528
-321.856701; 260.492712
-321.070538; 260.069186
-320.281027; 259.651934
-319.488247; 259.240941
-318.692203; 258.836159
-317.893093; 258.437633
-317.090917; 258.04531
-316.285743; 257.659172
-315.477638; 257.279199
-314.66667; 256.905373
-313.852904; 256.537673
-313.036403; 256.176082
-312.217233; 255.820578
-311.395455; 255.471141
-310.571131; 255.127751
-309.744322; 254.790388
-308.915087; 254.459031
-308.083418; 254.133634
-307.249522; 253.814234
-306.413371; 253.500777
-305.575021; 253.193241
-304.734527; 252.891608
-303.891944; 252.595856
-303.047325; 252.305964
-302.200722; 252.021913
-301.352188; 251.743682
-300.501773; 251.47125
-299.649527; 251.204599
-298.795499; 250.943708
-297.939739; 250.688557
-297.082293; 250.439127
-296.223133; 250.195377
-295.362466; 249.957335
-294.500251; 249.724956
-293.636533; 249.498223
-292.771356; 249.277117
-291.904763; 249.061619
-291.036798; 248.851714
-290.167504; 248.647383
-289.296921; 248.44861
-288.42509; 248.255379
-287.552054; 248.067672
-286.67785; 247.885474
-285.802519; 247.708771
-284.9261; 247.537546
-284.048631; 247.371786
-283.17015; 247.211475
-282.290652; 247.056594
-281.410259; 246.907142
-280.528964; 246.763101
-279.646805; 246.624456
-278.763815; 246.491197
-277.880031; 246.363311
-276.995488; 246.240787
-276.11022; 246.123615
-275.224279; 246.011785
-274.337664; 245.905286
-273.450425; 245.804108
-272.562597; 245.708243
-271.674212; 245.617683
-270.785303; 245.53242
-269.895903; 245.452447
-269.006043; 245.377757
-268.115756; 245.308343
-267.225055; 245.244198
-266.33401; 245.185321
-265.442632; 245.131703
-264.550953; 245.083342
-263.659005; 245.040234
-262.766819; 245.002375
-261.874426; 244.969763
-260.981857; 244.942395
-260.089142; 244.92027
-259.196312; 244.903388
-258.303399; 244.891747
-257.410433; 244.885348
-256.517445; 244.884191
-255.624466; 244.888278
-254.731525; 244.897611
-253.838656; 244.912192
-252.945887; 244.932023
-252.053251; 244.95711
-251.160781; 244.987454
-250.268501; 245.023063
-249.376447; 245.063941
-248.48465; 245.110093
-247.593142; 245.161527
-246.701955; 245.21825
-245.811121; 245.280269
-244.920673; 245.347593
-244.030642; 245.420231
-243.141061; 245.498194
-242.251965; 245.58149
-241.363385; 245.670131
-240.475357; 245.764129
-239.587913; 245.863496
-238.701088; 245.968245
-237.814918; 246.07839
-236.929437; 246.193944
-236.044681; 246.314923
-235.160686; 246.441343
-234.277508; 246.573215
-233.395143; 246.710554
-232.513641; 246.853329
-231.633031; 247.00151
-230.753344; 247.155065
-229.874605; 247.313961
-228.996843; 247.478163
-228.120083; 247.647636
-227.244355; 247.822344
-226.369675; 248.00225
-225.496073; 248.187317
-224.623571; 248.377504
-223.752192; 248.572772
-222.881959; 248.773082
-222.012891; 248.97839
-221.14501; 249.188656
-220.278334; 249.403835
-219.412881; 249.623886
-218.548671; 249.848764
-217.685719; 250.078423
-216.824042; 250.312819
-215.963654; 250.551906
-215.10457; 250.795637
-214.246804; 251.043965
-213.390369; 251.296843
-212.535275; 251.554224
-211.681543; 251.816056
-210.829166; 252.082295
-209.978162; 252.352891
-209.12854; 252.627794
-208.280307; 252.906954
-207.433471; 253.190322
-206.588037; 253.477848
-205.744011; 253.769482
-204.901398; 254.065172
-204.060202; 254.364869
-203.220425; 254.668522
-202.382055; 254.976085
-201.545139; 255.287492
-200.70966; 255.602696
-199.875606; 255.921652
-199.042962; 256.244315
-198.211714; 256.570639
-197.381857; 256.900574
-196.553466; 257.234038
-195.726493; 257.570999
-194.900931; 257.911405
-194.076778; 258.255207
-193.254027; 258.602354
-192.432674; 258.952794
-191.612713; 259.306478
-190.794136; 259.663354
-189.976936; 260.023373
-189.161105; 260.386485
-188.346636; 260.75264
-187.533518; 261.121788
-186.721744; 261.493879
-185.911302; 261.868864
-185.102182; 262.246695
-184.294374; 262.627321
-183.487861; 263.010698
-182.682644; 263.396769
-181.878703; 263.785492
-181.076025; 264.176817
-180.274597; 264.570696
-179.474407; 264.967084
-178.675439; 265.365931
-177.87768; 265.767191
-177.081115; 266.170817
-176.28573; 266.576763
-175.491509; 266.984982
-174.698436; 267.395427
-173.906496; 267.808055
-173.115672; 268.222818
-172.325949; 268.639671
-171.537307; 269.058569
-170.749732; 269.479468
-169.963192; 269.902331
-169.177697; 270.327097
-168.393215; 270.75373
-167.609727; 271.182187
-166.827216; 271.612425
-166.045661; 272.044399
-165.265045; 272.478068
-164.485348; 272.913387
-163.706551; 273.350314
-162.928634; 273.788807
-162.151578; 274.228823
-161.375363; 274.670321
-160.599968; 275.113259
-159.825373; 275.557595
-159.051559; 276.003287
-158.278503; 276.450296
-157.506186; 276.898578
-156.734598; 277.348087
-155.963706; 277.79879
-155.193501; 278.250638
-154.423903; 278.703626
-153.65496; 279.157672
-152.886627; 279.61275
-152.118883; 280.068821
-151.351706; 280.525844
-150.585073; 280.983779
-149.818963; 281.442589
-149.053352; 281.902232
-148.28822; 282.36267
-147.523543; 282.823864
-146.759298; 283.285775
-145.995463; 283.748363
-145.232016; 284.21159
-144.468933; 284.675417
-143.706192; 285.139806
-142.943769; 285.604717
-142.181641; 286.070112
-141.419755; 286.535971
-140.658149; 287.002218
-139.896768; 287.468834
-139.135589; 287.93578
-138.374589; 288.403017
-137.613745; 288.870507
-136.853032; 289.338211
-136.092427; 289.806091
-135.331907; 290.274108
-134.571447; 290.742224
-133.811025; 291.2104
-133.050615; 291.678598
-132.290195; 292.146778
-131.52974; 292.614901
-130.769227; 293.08293
-130.008633; 293.550826
-129.247944; 294.018569
-128.487162; 294.48616
-127.726284; 294.953597
-126.965312; 295.420878
-126.204243; 295.888004
-125.443079; 296.354972
-124.681818; 296.821784
-123.92046; 297.288436
-123.159004; 297.75493
-122.39745; 298.221264
-121.635797; 298.687437
-120.874046; 299.153448
-120.112195; 299.619296
-119.350244; 300.084981
-118.588193; 300.550501
-117.826041; 301.015857
-117.063787; 301.481046
-116.301432; 301.946069
-115.538975; 302.410924
-114.776415; 302.875611
-114.013752; 303.340128
-113.250985; 303.804476
-112.488115; 304.268652
-111.72514; 304.732657
-110.96206; 305.19649
-110.198875; 305.660149
-109.435584; 306.123634
-108.672187; 306.586944
-107.908683; 307.050078
-107.145073; 307.513036
-106.381355; 307.975817
-105.617529; 308.438419
-104.853594; 308.900843
-104.089551; 309.363087
-103.325399; 309.82515
-102.561137; 310.287033
-101.796766; 310.748733
-101.032284; 311.21025
-100.267691; 311.671584
-99.502991; 312.132732
-98.738179; 312.593694
-97.973256; 313.05447
-97.208221; 313.515059
-96.443074; 313.975461
-95.677814; 314.435674
-94.912441; 314.895698
-94.146955; 315.355532
-93.381355; 315.815175
-92.615641; 316.274627
-91.849812; 316.733887
-91.083868; 317.192955
-90.317809; 317.651828
-89.551635; 318.110507
-88.785344; 318.568991
-88.018937; 319.02728
-87.252413; 319.485372
-86.485772; 319.943267
-85.719014; 320.400964
-84.952137; 320.858463
-84.185143; 321.315762
-83.41803; 321.772862
-82.650798; 322.229761
-81.883447; 322.686459
-81.115976; 323.142955
-80.348385; 323.599248
-79.580673; 324.055338
-78.812842; 324.511225
-78.044889; 324.966907
-77.276814; 325.422383
-76.508618; 325.877654
-75.7403; 326.332719
-74.97186; 326.787576
-74.203297; 327.242226
-73.43461; 327.696668
-72.665801; 328.1509
-71.896868; 328.604923
-71.127811; 329.058736
-70.358629; 329.512338
-69.589323; 329.965729
-68.819892; 330.418908
-68.050336; 330.871875
-67.280654; 331.324628
-66.510846; 331.777168
-65.740913; 332.229493
-64.970853; 332.681604
-64.200666; 333.133499
-63.430352; 333.585179
-62.659911; 334.036642
-61.889343; 334.487887
-61.118647; 334.938916
-60.347822; 335.389726
-59.57687; 335.840317
-58.805789; 336.29069
-58.034579; 336.740842
-57.26324; 337.190775
-56.491771; 337.640486
-55.720174; 338.089977
-54.948446; 338.539245
-54.176588; 338.988292
-53.404601; 339.437115
-52.632482; 339.885715
-51.860234; 340.334092
-51.087854; 340.782244
-50.315343; 341.230172
-49.542701; 341.677874
-48.769928; 342.12535
-47.997023; 342.572601
-47.223986; 343.019625
-46.450817; 343.466421
-45.677516; 343.91299
-44.904083; 344.359332
-44.130517; 344.805444
-43.356819; 345.251328
-42.582987; 345.696983
-41.809023; 346.142407
-41.034926; 346.587602
-40.260696; 347.032566
-39.486332; 347.477299
-38.711835; 347.9218
-37.937205; 348.36607
-37.162441; 348.810107
-36.387543; 349.253911
-35.612511; 349.697483
-34.837345; 350.140821
-34.062046; 350.583925
-33.286612; 351.026795
-32.511064; 351.469419
-31.735362; 351.911819
-30.959526; 352.353984
-30.182604; 352.796452
-29.40649; 353.238127
-28.630221; 353.679529
-27.853784; 354.120637
-27.077169; 354.561432
-26.300364; 355.001892
-25.523358; 355.441997
-24.746143; 355.881724
-23.968694; 356.321059
-23.191016; 356.759974
-22.413092; 357.198451
-21.634908; 357.63647
-20.856455; 358.074009
-20.077721; 358.511049
-19.298695; 358.947568
-18.519366; 359.383546
-17.739723; 359.818962
-16.959754; 360.253796
-16.179449; 360.688025
-15.398797; 361.12163
-14.617786; 361.554589
-13.836407; 361.986882
-13.054647; 362.418488
-12.27251; 362.849378
-11.48993; 363.279561
-10.706966; 363.708977
-9.923579; 364.137622
-9.139759; 364.565473
-8.355494; 364.992509
-7.570774; 365.418709
-6.78559; 365.844052
-5.999929; 366.268515
-5.213783; 366.692077
-4.42714; 367.114716
-3.639991; 367.536411
-2.852324; 367.95714
-2.06413; 368.37688
-1.275399; 368.795609
-0.486121; 369.213306
0.303715; 369.629947
1.09415; 370.045527
1.88509; 370.45997
2.676658; 370.873311
3.468823; 371.285507
4.261595; 371.696535
5.054983; 372.106371
5.848998; 372.514994
6.643648; 372.922378
7.438943; 373.328502
8.234893; 373.733342
9.031507; 374.136874
9.828793; 374.539074
10.626762; 374.939919
11.425423; 375.339384
12.224784; 375.737446
13.024854; 376.13408
13.825643; 376.529262
14.627158; 376.922967
15.42941; 377.31517
16.232406; 377.705848
17.036155; 378.094973
17.840665; 378.482522
18.645944; 378.868469
19.452002; 379.252789
20.258846; 379.635456
21.066484; 380.016444
21.874924; 380.395727
22.684175; 380.773279
23.494242; 381.149074
24.305135; 381.523085
25.11686; 381.895286
25.929426; 382.265649
26.742838; 382.634149
27.557104; 383.000756
28.372232; 383.365445
29.188228; 383.728188
30.005098; 384.088956
30.82285; 384.447722
31.641489; 384.804459
32.461022; 385.159137
33.281455; 385.511728
34.102794; 385.862204
34.925045; 386.210536
35.748246; 386.556708
36.572299; 386.900648
37.397318; 387.242373
38.22327; 387.581836
39.050159; 387.919008
39.877992; 388.253859
40.706771; 388.586359
41.536502; 388.916477
42.367188; 389.244184
43.198834; 389.569448
44.031443; 389.892239
44.865018; 390.212526
45.699563; 390.530276
46.535081; 390.84546
47.371574; 391.158046
48.209046; 391.468001
49.047498; 391.775295
49.886932; 392.079894
50.727351; 392.381767
51.568755; 392.680881
52.411147; 392.977204
53.254526; 393.270703
54.098894; 393.561345
54.944245; 393.849096
55.790592; 394.133926
56.637928; 394.415799
57.486252; 394.694684
58.335565; 394.970545
59.185864; 395.24335
60.037149; 395.513064
60.889417; 395.779653
61.742666; 396.043084
62.596895; 396.303323
63.4521; 396.560335
64.308278; 396.814087
65.165426; 397.064542
66.02354; 397.311669
66.882615; 397.555431
67.742647; 397.795794
68.603632; 398.032723
69.465564; 398.266185
70.328436; 398.496144
71.192244; 398.722566
72.056979; 398.945416
72.922637; 399.164658
73.789208; 399.38026
74.656687; 399.592185
75.525054; 399.800409
76.394299; 400.004965
77.264388; 400.205903
78.135293; 400.403271
79.006987; 400.597123
79.879446; 400.787507
80.752654; 400.97448
81.626552; 401.158087
82.50115; 401.338388
83.376413; 401.515433
84.252317; 401.689278
85.12884; 401.859976
86.005959; 402.027582
86.883654; 402.192152
87.761902; 402.353741
88.640683; 402.512404
89.519977; 402.668199
90.399754; 402.821178
91.280027; 402.971406
92.160745; 403.118932
93.041901; 403.263816
93.923479; 403.406115
94.805461; 403.545887
95.687832; 403.683189
96.570574; 403.818079
97.453673; 403.950616
98.337114; 404.080856
99.220882; 404.208858
100.104963; 404.33468
100.989344; 404.45838
101.874019; 404.580018
102.758954; 404.699648
103.64415; 404.817332
104.529597; 404.933128
105.415281; 405.047093
106.301192; 405.159286
107.187319; 405.269765
108.073652; 405.378589
108.96018; 405.485816
109.846892; 405.591503
110.733781; 405.69571
111.620835; 405.798493
112.508048; 405.899911
113.395408; 406.000021
114.282934; 406.098885
115.170558; 406.196553
116.058307; 406.293086
116.946173; 406.388543
117.83415; 406.482981
118.722229; 406.576456
119.610405; 406.669026
120.498668; 406.760748
121.387014; 406.851679
122.275436; 406.941875
123.163927; 407.031393
124.05248; 407.12029
124.94109; 407.208622
125.829751; 407.296444
126.718457; 407.383814
127.607248; 407.470791
128.496013; 407.55742
129.384808; 407.643764
130.273627; 407.729878
131.162464; 407.815817
132.051314; 407.901635
132.940171; 407.987389
133.82903; 408.073133
134.717887; 408.15892
135.606734; 408.244807
136.495567; 408.330847
137.384381; 408.417093
138.27317; 408.503601
139.161929; 408.590424
140.050652; 408.677615
140.939334; 408.765228
141.828038; 408.853322
142.716603; 408.941936
143.605112; 409.031131
144.493559; 409.12096
145.381939; 409.211475
146.270244; 409.302728
147.158469; 409.394772
148.046608; 409.487658
148.934655; 409.581439
149.822602; 409.676165
150.710443; 409.771888
151.598171; 409.868658
152.48578; 409.966528
153.373262; 410.065547
154.26061; 410.165766
155.147816; 410.267235
156.034873; 410.370003
156.921876; 410.474134
157.808583; 410.579649
158.695119; 410.686613
159.581476; 410.795074
160.467645; 410.905082
161.353617; 411.016685
162.239382; 411.129932
163.124932; 411.24487
164.010256; 411.361546
164.895344; 411.480009
165.780187; 411.600306
166.664774; 411.722483
167.549094; 411.846588
168.433136; 411.972665
169.316889; 412.100761
170.200341; 412.230922
171.083479; 412.363193
171.966293; 412.497619
172.84877; 412.634244
173.731056; 412.773137
174.612804; 412.914291
175.494177; 413.057776
176.375163; 413.203635
177.255748; 413.351911
178.135917; 413.502646
179.015656; 413.655882
179.89495; 413.811661
180.773783; 413.970023
181.652141; 414.131009
182.530007; 414.294659
183.407365; 414.461013
184.284276; 414.630121
185.160579; 414.801921
186.036368; 414.976329
186.911655; 415.153245
187.786454; 415.332568
188.660776; 415.514201
189.534637; 415.698045
190.408063; 415.884005
191.28104; 416.071979
192.153603; 416.261875
193.025767; 416.453598
193.897549; 416.647054
194.768966; 416.84215
195.640036; 417.038793
196.510776; 417.23689
197.381197; 417.436348
198.251351; 417.637085
199.121214; 417.838998
199.990822; 418.042002
200.860197; 418.246009
201.729357; 418.450927
202.598322; 418.656669
203.467114; 418.863145
204.335751; 419.070268
205.204221; 419.27794
206.072647; 419.486099
206.940951; 419.694633
207.80918; 419.903461
208.67736; 420.112495
209.545511; 420.321648
210.413654; 420.530833
211.281811; 420.739962
212.150003; 420.948947
213.01825; 421.1577
213.886574; 421.366133
214.754996; 421.574157
215.623572; 421.781693
216.492218; 421.988627
217.36106; 422.194895
218.230082; 422.400397
219.099307; 422.605046
219.968753; 422.808749
220.838441; 423.011417
221.708391; 423.212957
222.578623; 423.413277
223.449156; 423.612286
224.320008; 423.809889
225.1912; 424.005992
226.062749; 424.200501
226.93467; 424.39332
227.806989; 424.584353
228.679718; 424.773503
229.552874; 424.960671
230.426473; 425.145758
231.300531; 425.328664
232.175064; 425.509288
233.050086; 425.687528
233.92561; 425.863281
234.80165; 426.036442
235.67822; 426.206905
236.555329; 426.374565
237.432979; 426.539311
238.311205; 426.701038
239.190001; 426.859634
240.069376; 427.014987
240.949337; 427.166983
241.82989; 427.315508
242.71104; 427.460447
243.592792; 427.601682
244.475146; 427.739095
245.358106; 427.872565
246.241669; 428.001972
247.125836; 428.127191
248.010585; 428.248098
248.895947; 428.364569
249.7819; 428.476478
250.668432; 428.583693
251.555534; 428.686087
252.443194; 428.783526
253.331396; 428.875878
254.220126; 428.963011
255.109363; 429.044787
255.999089; 429.121072
256.889279; 429.191726
257.779907; 429.256613
258.670946; 429.315592
259.562342; 429.368521
260.454109; 429.415262
261.346184; 429.455672
262.23853; 429.489607
263.131102; 429.516925
264.023854; 429.537483
264.916739; 429.551136
265.809703; 429.557742
266.702691; 429.557157
267.595644; 429.549237
268.488499; 429.533841
269.38119; 429.510827
270.27363; 429.480055
271.16578; 429.441385
272.057546; 429.394678
272.948845; 429.339798
273.839594; 429.276612
274.729704; 429.204988
275.619082; 429.124795
276.507634; 429.035909
277.395259; 428.938205
278.281855; 428.831563
279.167333; 428.715866
280.05151; 428.591011
280.934372; 428.456877
281.815731; 428.313373
282.695483; 428.160399
283.573518; 427.99786
284.449711; 427.82567
285.323937; 427.643749
286.196067; 427.452022
287.065971; 427.250421
287.933516; 427.038885
288.798568; 426.81736
289.660992; 426.585799
290.520653; 426.344162
291.377412; 426.092418
292.231133; 425.830544
293.081678; 425.558523
293.929177; 425.276256
294.77295; 424.983926
295.613144; 424.681449
296.449623; 424.368841
297.282274; 424.046141
298.110971; 423.71352
298.9357; 423.37115
299.756403; 423.019216
300.573025; 422.657901
301.385559; 422.287363
302.193869; 421.907815
302.997932; 421.519421
303.797748; 421.122325
304.593278; 420.716691
305.384484; 420.302674
306.171334; 419.880429
306.953826; 419.45009
307.731871; 419.011833
308.505445; 418.565801
309.274565; 418.112107
310.039205; 417.650885
310.799343; 417.182265
311.554955; 416.706376
312.306022; 416.223339
313.052589; 415.733231
313.794505; 415.236256
314.531794; 414.7325
315.264475; 414.222049
315.992532; 413.705009
316.715948; 413.181483
317.434706; 412.651573
318.14879; 412.115376
318.858184; 411.572988
319.562959; 411.024432
320.2629; 410.469954
320.958114; 409.909547
321.648585; 409.343293
322.334296; 408.771277
323.015231; 408.193576
323.691375; 407.610268
324.362709; 407.021428
325.029217; 406.427129
325.690881; 405.82744
326.347684; 405.222431
326.99969; 404.612089
327.646707; 403.996641
328.288809; 403.376062
328.925976; 402.750414
329.558185; 402.119754
330.185417; 401.484141
330.807647; 400.84363
331.424852; 400.198275
332.037008; 399.548128
332.644091; 398.89324
333.246072; 398.23366
333.842957; 397.569403
334.434655; 396.900583
335.021177; 396.227202
335.602475; 395.549323
336.178526; 394.866979
336.749297; 394.180213
337.314754; 393.489066
337.874862; 392.793576
338.429585; 392.093783
338.978883; 391.389724
339.522719; 390.681438
340.06105; 389.968959
340.593835; 389.252322
341.121023; 388.531574
341.642582; 387.806727
342.158459; 387.077824
342.668604; 386.344898
343.172967; 385.607981
343.671497; 384.867105
344.164138; 384.122302
344.650836; 383.3736
345.131532; 382.621032
345.606168; 381.864627
346.074681; 381.104414
346.537009; 380.340424
346.993085; 379.572686
347.442838; 378.801236
347.886208; 378.026087
348.323116; 377.247278
348.753489; 376.464838
349.177249; 375.678798
349.594318; 374.889187
350.004614; 374.096036
350.408053; 373.299376
350.804548; 372.499237
351.194011; 371.695653
351.576348; 370.888654
351.951466; 370.078275
352.319268; 369.26455
352.67964; 368.44754
353.032508; 367.627221
353.37775; 366.803664
353.715257; 365.976907
354.044916; 365.146991
354.366614; 364.313957
354.68023; 363.477847
354.985645; 362.638708
355.282734; 361.796586
355.571368; 360.951529
355.851416; 360.10359
356.122745; 359.252821
356.385215; 358.399279
356.638673; 357.543074
356.883005; 356.684154
357.118047; 355.822646
357.343647; 354.958618
357.559651; 354.092143
357.765901; 353.223295
357.962237; 352.352155
358.148494; 351.478806
358.324507; 350.603335
358.490106; 349.725836
358.645117; 348.846407
358.789366; 347.965149
358.922667; 347.082237
359.044859; 346.197644
359.155749; 345.311565
359.255153; 344.424126
359.342887; 343.535458
359.418763; 342.6457
359.482594; 341.754999
359.534191; 340.863506
359.573367; 339.971383
359.599933; 339.078829
359.613758; 338.185951
359.614839; 337.292967
359.603206; 336.40006
359.578897; 335.507407
359.541961; 334.615189
359.492457; 333.723586
359.430454; 332.832758
359.356029; 331.942881
359.269269; 331.054123
359.170269; 330.166645
359.059134; 329.280604
358.935971; 328.396127
358.80091; 327.513448
358.654065; 326.632623
358.495573; 325.753819
358.325572; 324.877169
358.144204; 324.002799
357.951619; 323.130831
357.747969; 322.261379
357.533412; 321.394554
357.308108; 320.53046
357.072226; 319.669212
356.825931; 318.810896
356.569386; 317.955582
356.302763; 317.10335
356.026233; 316.254276
355.739968; 315.408429
355.444142; 314.565873
355.138929; 313.726669
354.824503; 312.890871
354.501038; 312.058529
354.168654; 311.229559
353.827627; 310.404257
353.478077; 309.582529
353.120173; 308.764404
352.754084; 307.949908
352.379988; 307.139091
351.998033; 306.331935
351.608383; 305.528457
351.211199; 304.72867
350.80664; 303.932583
350.394862; 303.140204
349.975986; 302.351474
349.550231; 301.566517
349.11771; 300.785268
348.67857; 300.007719
348.232953; 299.233864
347.781017; 298.46372
347.322878; 297.697236
346.85867; 296.934402
346.388528; 296.175203
345.912583; 295.419624
345.430961; 294.667648
344.943747; 293.919191
344.451145; 293.174363
343.953233; 292.433074
343.450125; 291.6953
342.941937; 290.961017
342.428798; 290.230228
341.910792; 289.502867
341.388024; 288.77891
340.8606; 288.058329
340.328622; 287.341099
339.792188; 286.62719
339.251397; 285.916575
338.706286; 285.20915
338.157061; 284.505034
337.603755; 283.80412
337.046454; 283.106378
336.485245; 282.411775
335.92023; 281.720304
335.351465; 281.031903
334.779032; 280.34654
334.203007; 279.664185
333.623469; 278.984807
333.04049; 278.308374
332.454145; 277.634855
331.864504; 276.964219
331.271577; 276.296368
330.675549; 275.631402
330.076426; 274.969222
329.474293; 274.30982
328.869188; 273.653135
328.261172; 272.999137
327.650305; 272.347795
327.036646; 271.699077
326.420251; 271.052952
325.801178; 270.409391
325.17948; 269.768363
324.555211; 269.129836
323.928423; 268.493781
323.299167; 267.860167
322.667415; 267.228886
322.033376; 266.600071
321.397013; 265.973604
320.758373; 265.349457
320.1175; 264.7276
319.474439; 264.108004
318.829235; 263.49064
318.181929; 262.875478
317.532563; 262.262491
316.881178; 261.651649
316.227814; 261.042924
315.57251; 260.436288
314.915305; 259.831713
314.256244; 259.229178
313.595322; 258.628617
312.93261; 258.030035
312.26818; 257.433437
311.602017; 256.83875
310.934165; 256.245956
310.264659; 255.655031
309.593532; 255.065947
308.920817; 254.478677
308.246544; 253.893196
307.570747; 253.309476
306.893454; 252.727492
306.214696; 252.147216
305.534503; 251.568624
304.852904; 250.991688
304.169928; 250.416384
303.485604; 249.842684
302.799958; 249.270565
302.113018; 248.699999
301.424815; 248.130966
300.735344; 247.56346
300.0446; 246.997505
299.352572; 246.43312
298.659251; 245.870325
297.964626; 245.309142
297.268685; 244.74959
296.57142; 244.19169
295.872822; 243.635467
295.172873; 243.080935
294.471567; 242.528119
293.768894; 241.977042
293.064844; 241.427726
292.359406; 240.880193
291.652571; 240.334466
290.944328; 239.790567
290.234667; 239.248521
289.523577; 238.70835
288.811049; 238.170078
288.097073; 237.63373
287.381637; 237.099329
286.664733; 236.5669
285.946351; 236.036469
285.22648; 235.508059
284.505127; 234.981708
283.782247; 234.457417
283.057848; 233.935225
282.331923; 233.415159
281.604461; 232.897245
280.875453; 232.38151
280.144889; 231.867982
279.41276; 231.356687
278.679057; 230.847654
277.943771; 230.340911
277.206893; 229.836486
276.468414; 229.334408
275.728325; 228.834707
274.986618; 228.337411
274.243285; 227.84255
273.498316; 227.350154
272.751704; 226.860255
272.003441; 226.372881
271.253549; 225.888084
270.501956; 225.405853
269.748688; 224.926243
268.993739; 224.449286
268.2371; 223.975013
267.478766; 223.503457
266.718728; 223.034651
265.956981; 222.568628
265.193518; 222.105423
264.428333; 221.645068
263.66142; 221.187599
262.892773; 220.733049
262.122387; 220.281454
261.350256; 219.832849
260.576376; 219.387269
259.800741; 218.94475
259.023348; 218.505329
258.244192; 218.069041
257.463269; 217.635924
256.680577; 217.206014
255.896146; 216.779368
255.1099; 216.355984
254.321875; 215.93592
253.53207; 215.519215
252.740482; 215.105907
251.947109; 214.696035
251.151951; 214.289637
250.355007; 213.886755
249.556277; 213.487426
248.75576; 213.09169
247.953458; 212.699588
247.149371; 212.31116
246.3435; 211.926446
245.535848; 211.545487
244.726417; 211.168324
243.915208; 210.794998
243.102227; 210.425549
242.287476; 210.06002
241.47096; 209.698452
240.652684; 209.340886
239.832686; 208.987379
239.010902; 208.637943
238.187376; 208.292635
237.362113; 207.951497
236.535122; 207.614572
235.706411; 207.281901
234.875988; 206.953527
234.043862; 206.629491
233.210044; 206.309837
232.374544; 205.994607
231.537373; 205.683841
230.698542; 205.377584
229.858064; 205.075876
229.015953; 204.778759
228.172221; 204.486275
227.326883; 204.198466
226.479954; 203.915374
225.631451; 203.637038
224.781388; 203.363501
223.929783; 203.094803
223.076654; 202.830985
222.222019; 202.572087
221.365917; 202.318154
220.508328; 202.069214
219.649293; 201.825313
218.788833; 201.586489
217.926969; 201.352781
217.063724; 201.124225
216.199122; 200.900861
215.333186; 200.682724
214.465941; 200.469852
213.597412; 200.262279
212.727626; 200.060041
211.856609; 199.863173
210.984388; 199.671709
210.110991; 199.485682
209.236448; 199.305123
208.360787; 199.130067
207.484038; 198.960542
206.606232; 198.796581
205.7274; 198.638211
204.847573; 198.485462
203.966784; 198.338362
203.085066; 198.196937
202.202452; 198.061214
201.318977; 197.931218
200.434674; 197.806972
199.549574; 197.688499
198.663729; 197.575786
197.777184; 197.468723
196.889987; 197.367191
196.002188; 197.271067
195.113831; 197.180228
194.224962; 197.094552
193.335618; 197.013914
192.44585; 196.938194
191.555686; 196.867265
190.665161; 196.801005
189.774308; 196.739291
188.88316; 196.681997
187.991745; 196.629002
187.100091; 196.580182
186.208216; 196.535414
185.316169; 196.494577
184.423953; 196.457547
183.531591; 196.424204
182.6391; 196.394426
181.746501; 196.368093
180.853808; 196.345084
179.961038; 196.32528
179.068228; 196.308563
178.175301; 196.294812
177.282387; 196.283912
176.389441; 196.275745
175.496473; 196.270194
174.603492; 196.267143
173.710504; 196.266477
172.817517; 196.268081
171.924536; 196.271842
171.031565; 196.277645
170.138589; 196.285379
169.245642; 196.29493
168.35273; 196.306187
167.459837; 196.319039
166.566966; 196.333376
165.674117; 196.349086
164.78129; 196.366062
163.888485; 196.384193
162.995702; 196.403371
162.102939; 196.423489
161.210195; 196.444438
160.317438; 196.466112
159.424731; 196.488403
158.532035; 196.511206
157.639349; 196.534413
156.746671; 196.557919
155.853997; 196.58162
154.961324; 196.605409
154.068651; 196.629182
153.175975; 196.652834
152.283292; 196.676261
151.390601; 196.699359
150.497899; 196.722023
149.605168; 196.74415
148.712437; 196.765635
147.819689; 196.786376
146.926921; 196.806268
146.034132; 196.825208
145.141321; 196.843093
144.248488; 196.85982
143.355632; 196.875284
142.462754; 196.889383
141.569853; 196.902014
140.676932; 196.913072
139.784022; 196.922455
138.891053; 196.930059
137.998081; 196.93578
137.105099; 196.939516
136.212111; 196.941162
135.319146; 196.940614
134.426162; 196.93777
133.533174; 196.932524
132.640196; 196.924774
131.747243; 196.914415
130.854329; 196.901343
129.96147; 196.885454
129.068681; 196.866645
128.175975; 196.844811
127.283357; 196.819847
126.390827; 196.791651
125.498425; 196.760117
124.606121; 196.725141
123.713963; 196.68662
122.82197; 196.644449
121.930162; 196.598525
121.038561; 196.548743
120.147191; 196.495002
119.256074; 196.437197
118.365238; 196.375226
117.474709; 196.308986
116.584531; 196.238377
115.694654; 196.16329
114.805227; 196.083633
113.916231; 195.999302
113.027701; 195.910197
112.139673; 195.816218
111.252185; 195.717268
110.365277; 195.613248
109.47899; 195.504062
108.593366; 195.389615
107.708451; 195.269811
106.824291; 195.144557
105.940934; 195.013762
105.058428; 194.877335
104.176827; 194.735185
103.296165; 194.587224
102.416559; 194.433376
101.538019; 194.273548
100.6606; 194.107659
99.784363; 193.935627
98.909367; 193.757375
98.035674; 193.572827
97.163349; 193.381909
96.292456; 193.184548
95.42306; 192.980678
94.555231; 192.770231
93.689036; 192.553143
92.824547; 192.329355
91.961833; 192.098809
91.100969; 191.86145
90.241841; 191.617174
89.384904; 191.36604
88.530033; 191.107947
87.677304; 190.842855
86.826792; 190.570724
85.97855; 190.291512
85.132722; 190.005235
84.289293; 189.711942
83.448298; 189.41172
82.609772; 189.104653
81.77375; 188.790823
80.940266; 188.470309
80.10935; 188.14319
79.280996; 187.809525
78.455331; 187.469427
77.632318; 187.122944
76.811987; 186.770144
75.994367; 186.411097
75.179486; 186.04587
74.367372; 185.674526
73.558051; 185.297131
72.751487; 184.913714
71.947853; 184.524405
71.147085; 184.129221
70.34921; 183.728218
69.554255; 183.321452
68.762243; 182.908977
67.973201; 182.490843
67.187155; 182.067103
66.404129; 181.637804
65.624149; 181.202996
64.84724; 180.762723
64.073368; 180.316998
63.302683; 179.865934
62.535142; 179.409535
61.770771; 178.947844
61.009597; 178.480899
60.251646; 178.008738
59.496944; 177.531401
58.745518; 177.048922
57.997395; 176.561336
57.252602; 176.068678
56.511168; 175.57098
55.773109; 175.068267
55.038476; 174.560583
54.307287; 174.047952
53.579572; 173.530401
52.855361; 173.007959
52.134684; 172.480651
51.417574; 171.948504
50.704061; 171.411542
49.994179; 170.869789
49.287962; 170.323269
48.585442; 169.772003
47.886655; 169.216012
47.191637; 168.655318
46.500425; 168.089939
45.81304; 167.519883
45.129549; 166.945192
44.449978; 166.365871
43.774367; 165.781938
43.102756; 165.193407
42.435188; 164.600296
41.771705; 164.002617
41.112352; 163.400386
40.457173; 162.793616
39.806216; 162.18232
39.159526; 161.56651
38.517154; 160.946199
37.879149; 160.321397
37.245562; 159.692115
36.616448; 159.058368
35.991854; 158.420155
35.37184; 157.777493
34.756462; 157.13039
34.145779; 156.478856
33.539849; 155.822897
32.938735; 155.162524
32.342499; 154.497743
31.751206; 153.828562
31.164921; 153.154989
30.583713; 152.477031
30.007652; 151.794695
29.436808; 151.107989
28.871255; 150.416919
28.311083; 149.721511
27.756336; 149.02173
27.207111; 148.317606
26.663491; 147.609147
26.125559; 146.896361
25.593399; 146.179254
25.067101; 145.457836
24.546753; 144.732114
24.03245; 144.002097
23.524284; 143.267795
23.022354; 142.529217
22.52676; 141.786374
22.037602; 141.039278
21.554987; 140.287939
21.079046; 139.532412
20.609834; 138.772621
20.147494; 138.008629
19.692142; 137.240453
19.243896; 136.46811
18.802877; 135.691618
18.369208; 134.910998
17.943018; 134.126271
17.524434; 133.337461
17.11359; 132.544594
16.710622; 131.747696
16.315668; 130.946797
15.928869; 130.14193
15.550357; 129.333102
15.180339; 128.520478
14.818877; 127.703907
14.466166; 126.883521
14.12236; 126.059363
13.787618; 125.231484
13.462102; 124.399935
13.145976; 123.564773
12.839405; 122.726057
12.542558; 121.883851
12.255607; 121.038224
11.978724; 120.189248
11.712085; 119.337
11.455885; 118.481628
11.210262; 117.623083
10.975417; 116.761529
10.751531; 115.897063
10.538785; 115.029789
10.337361; 114.159817
10.147441; 113.287262
9.969206; 112.412246
9.802841; 111.534917
9.648458; 110.655378
9.50603; 109.773826
9.375492; 108.890434
9.256768; 108.005378
9.149771; 107.118828
9.054403; 106.230955
8.970556; 105.341916
8.898113; 104.451876
8.836948; 103.560989
8.786926; 102.669407
8.747903; 101.777275
8.71973; 100.884735
8.70225; 99.991958
8.695299; 99.098974
8.698709; 98.206006
8.712307; 97.313134
8.735913; 96.420468
8.769347; 95.528113
8.812423; 94.63617
8.864953; 93.744732
8.926747; 92.853887
8.997615; 91.96368
9.077358; 91.074261
9.165784; 90.185664
9.262694; 89.297982
9.367897; 88.411237
9.481198; 87.525482
9.602402; 86.640768
9.731315; 85.75714
9.867744; 84.874637
10.011496; 83.993296
10.162398; 83.113055
10.320229; 82.234126
10.484818; 81.356437
10.655973; 80.480039
10.833521; 79.604902
11.017279; 78.731039
11.20707; 77.85846
11.402718; 76.987171
11.604049; 76.117175
11.810905; 75.248419
12.023092; 74.381007
12.240457; 73.514877
12.462837; 72.650021
12.690065; 71.786457
12.921991; 70.924133
13.158461; 70.063035
13.399322; 69.203149
13.644423; 68.344458
13.893617; 67.486943
14.146777; 66.630517
14.403721; 65.775293
14.664329; 64.921178
14.928464; 64.068146
15.19598; 63.2162
15.466756; 62.365274
15.74066; 61.515343
16.017564; 60.666378
16.297339; 59.818351
16.57986; 58.971233
16.865004; 58.124992
17.152674; 57.279529
17.442703; 56.43495
17.734996; 55.591153
18.02943; 54.748129
18.325901; 53.905812
18.624297; 53.064169
18.924506; 52.223165
19.226418; 51.382767
19.529924; 50.54294
19.834918; 49.703651
20.141293; 48.864863
20.448943; 48.026547
20.757803; 47.188561
21.067691; 46.351089
21.378549; 45.51397
21.690278; 44.677171
22.002777; 43.840656
22.315947; 43.004389
22.629691; 42.168334
22.94391; 41.332456
23.258508; 40.496719
23.573389; 39.661087
23.888456; 38.825526
24.203615; 37.989999
24.518808; 37.154373
24.833864; 36.318813
25.14873; 35.483179
25.463311; 34.647437
25.777513; 33.811551
26.091243; 32.975488
26.404408; 32.139212
26.716914; 31.302689
27.028668; 30.465886
27.339577; 29.628768
27.649548; 28.791302
27.958486; 27.953455
28.266299; 27.115193
28.572888; 26.276494
28.878176; 25.437281
29.182046; 24.597582
29.484413; 23.757341
29.785181; 22.916526
30.084255; 22.075107
30.381538; 21.233054
30.676934; 20.390337
30.970346; 19.546927
31.261675; 18.702795
31.550824; 17.857914
31.837692; 17.012256
32.122181; 16.165795
32.404189; 15.318504
32.683615; 14.470358
32.960357; 13.621333
33.234312; 12.771403
33.505376; 11.920548
33.773445; 11.068744
34.038413; 10.21597
34.300172; 9.362206
34.558617; 8.507433
34.813638; 7.651632
35.065126; 6.794786
35.31297; 5.93688
35.55706; 5.077898
35.797283; 4.217826
36.033526; 3.356653
36.265674; 2.494367
36.493612; 1.630963
36.717224; 0.766424
36.936405; -0.099249
37.151156; -0.966031
37.361543; -1.833883
37.567632; -2.702766
37.76949; -3.572642
37.967186; -4.443472
38.160788; -5.315222
38.350367; -6.187856
38.535992; -7.061338
38.717737; -7.935637
38.895671; -8.81072
39.069869; -9.686554
39.240402; -10.563109
39.407345; -11.440355
39.570772; -12.318263
39.730758; -13.196804
39.887378; -14.075952
40.040707; -14.955678
40.190823; -15.83596
40.3378; -16.716771
40.481717; -17.598087
40.622649; -18.479886
40.760676; -19.362144
40.895875; -20.24484
41.028323; -21.127953
41.1581; -22.011462
41.285285; -22.895348
41.409955; -23.779592
41.532191; -24.664175
41.652072; -25.549082
41.769679; -26.434294
41.88509; -27.319794
41.998386; -28.205568
42.109648; -29.0916
42.218956; -29.977874
42.326391; -30.864378
42.432034; -31.751097
42.535967; -32.638018
42.638271; -33.525129
42.739028; -34.412416
42.838319; -35.299867
42.936228; -36.187474
43.032835; -37.075223
43.128225; -37.963104
43.22248; -38.851107
43.315682; -39.73922
43.407916; -40.627434
43.499265; -41.51574
43.589812; -42.404127
43.679643; -43.292588
43.768841; -44.181112
43.857491; -45.069691
43.945681; -45.958335
44.03349; -46.846975
44.121009; -47.735667
44.208323; -48.624379
44.295517; -49.513103
44.38268; -50.401829
44.469898; -51.290551
44.557259; -52.179258
44.64485; -53.067942
44.73276; -53.956595
44.821079; -54.845207
44.909895; -55.73377
44.999298; -56.622273
45.089379; -57.510708
45.180227; -58.399059
45.271936; -59.287328
45.364596; -60.1755
45.458301; -61.063561
45.553142; -61.951502
45.649213; -62.83931
45.746608; -63.726974
45.845423; -64.614481
45.945751; -65.501817
46.04769; -66.38897
46.151335; -67.275926
46.256784; -68.162668
46.364133; -69.049182
46.473481; -69.935439
46.584929; -70.82145
46.698575; -71.707181
46.814519; -72.592614
46.932862; -73.477729
47.053705; -74.362506
47.177151; -75.246923
47.303303; -76.130959
47.432263; -77.014588
47.564136; -77.897788
47.699026; -78.780532
47.837037; -79.662792
47.978277; -80.544542
48.122851; -81.42575
48.270863; -82.306373
48.422425; -83.186409
48.577643; -84.065807
48.736624; -84.944533
48.899476; -85.822548
49.066308; -86.699817
49.23723; -87.576297
49.41235; -88.451948
49.591777; -89.326726
49.775621; -90.200586
49.963991; -91.073482
50.156996; -91.945364
50.354746; -92.816182
50.557347; -93.685869
50.764913; -94.554401
50.97755; -95.421705
51.195365; -96.287723
51.418466; -97.152394
51.646959; -98.015656
51.88095; -98.877443
52.120543; -99.73769
52.365843; -100.596327
52.616951; -101.453282
52.873968; -102.308484
53.136995; -103.161857
53.406129; -104.013323
53.681466; -104.862804
53.963098; -105.71021
54.251123; -106.555473
54.545627; -107.3985
54.846698; -108.239204
55.154421; -109.077496
55.468878; -109.913285
55.790148; -110.746479
56.118307; -111.576984
56.453428; -112.404704
56.795574; -113.229543
57.144729; -114.05144
57.500815; -114.870359
57.863753; -115.686264
58.233464; -116.499122
58.609868; -117.308904
58.992884; -118.115579
59.38243; -118.919118
59.77842; -119.719485
60.180779; -120.516672
60.589425; -121.310657
61.004277; -122.101421
61.425253; -122.888943
61.852272; -123.673208
62.285251; -124.454201
62.724108; -125.231907
63.168764; -126.006314
63.619136; -126.777412
64.075143; -127.545191
64.53674; -128.309698
65.003779; -129.070817
65.476196; -129.828569
65.953933; -130.582985
66.436913; -131.334062
66.925057; -132.081798
67.418288; -132.826194
67.91653; -133.56725
68.419708; -134.304968
68.927746; -135.039351
69.440569; -135.770402
69.958105; -136.498127
70.480281; -137.222531
71.007109; -137.943737
71.538349; -138.661519
72.074016; -139.376004
72.614041; -140.087201
73.158333; -140.795094
73.706852; -141.499725
74.25953; -142.201107
74.816302; -142.899251
75.377101; -143.594169
75.941865; -144.285874
76.51053; -144.97438
77.083033; -145.659701
77.659313; -146.341851
78.23931; -147.020845
78.823051; -147.6968
79.410303; -148.369529
80.001095; -149.03915
80.595373; -149.705681
81.193078; -150.369139
81.794136; -151.029517
82.398517; -151.686864
83.00617; -152.341197
83.61704; -152.992533
84.231077; -153.64089
84.848229; -154.286288
85.468447; -154.928745
86.091681; -155.56828
86.717883; -156.204911
87.347004; -156.838659
87.978999; -157.469541
88.613927; -158.097684
89.251532; -158.722895
89.891875; -159.345302
90.534914; -159.964923
91.180582; -160.581759
91.828864; -161.195854
92.47972; -161.807228
93.133108; -162.415902
93.788989; -163.021895
94.447322; -163.625228
95.10807; -164.22592
95.771194; -164.823991
96.436656; -165.419461
97.104421; -166.012351
97.774451; -166.60268
98.446712; -167.190468
99.12127; -167.775823
99.797863; -168.358566
100.476587; -168.938832
101.157411; -169.516641
101.840301; -170.092013
102.525226; -170.664966
103.212155; -171.235521
103.901056; -171.803697
104.591899; -172.369514
105.284656; -172.932991
105.979295; -173.494147
106.675789; -174.053001
107.37411; -174.609574
108.07423; -175.163883
108.776122; -175.715949
109.479759; -176.265789
110.185114; -176.813424
110.892163; -177.358871
111.600852; -177.90213
112.311392; -178.443396
113.023366; -178.98239
113.736934; -179.519272
114.452075; -180.054061
115.168764; -180.586774
115.886978; -181.117429
116.606696; -181.646046
117.327894; -182.17264
118.050551; -182.697232
118.774646; -183.219837
119.500157; -183.740475
120.227065; -184.259161
120.955348; -184.775915
121.684987; -185.290752
122.415962; -185.803692
123.148225; -186.31473
123.881828; -186.823933
124.616696; -187.331279
125.352824; -187.836794
126.090194; -188.340496
126.828789; -188.842401
127.568625; -189.342548
128.309616; -189.840909
129.051779; -190.337521
129.795098; -190.832403
130.539557; -191.325569
131.285137; -191.817037
132.031825; -192.306821
132.779603; -192.794939
133.528455; -193.281406
134.278358; -193.766254
135.029276; -194.249527
135.781178; -194.731269
136.534029; -195.211525
137.287797; -195.690341
138.042449; -196.167763
138.797975; -196.643849
139.554277; -197.118603
140.311388; -197.592114
141.069256; -198.064415
141.827849; -198.535551
142.587134; -199.005569
143.347081; -199.474516
144.107659; -199.94244
144.868837; -200.409387
145.630583; -200.875406
146.392868; -201.340543
147.15566; -201.804847
147.91893; -202.268366
148.682647; -202.731149
149.446781; -203.193244
150.211301; -203.6547
150.976177; -204.115565
151.741378; -204.575889
152.506875; -205.035722
153.272638; -205.495112
154.038635; -205.95411
154.804838; -206.412765
155.571215; -206.871129
156.337737; -207.329251
157.104371; -207.78718
157.871091; -208.244971
158.637864; -208.702674
159.40466; -209.160338
160.171448; -209.618017
160.938196; -210.075761
161.704874; -210.533623
162.47145; -210.991655
163.237893; -211.44991
164.004171; -211.90844
164.770252; -212.367298
165.536105; -212.826537
166.301697; -213.286212
167.066988; -213.746371
167.83196; -214.207079
168.596573; -214.668383
169.360792; -215.130339
170.124584; -215.593001
170.887914; -216.056424
171.650747; -216.520665
172.413048; -216.985777
173.174783; -217.451817
173.935914; -217.918842
174.696406; -218.386907
175.456221; -218.856069
176.215322; -219.326386
176.973671; -219.797913
177.731229; -220.270709
178.487947; -220.744824
179.24381; -221.220332
179.998763; -221.697282
180.752765; -222.175733
181.505776; -222.655744
182.257752; -223.137373
183.00865; -223.620679
183.758428; -224.105723
184.50704; -224.592563
185.254442; -225.081259
186.000586; -225.571872
186.745427; -226.064461
187.488917; -226.559087
188.231006; -227.05581
188.971633; -227.554683
189.710771; -228.055782
190.448364; -228.559165
191.184353; -229.064888
191.918685; -229.573014
192.651306; -230.083603
193.38216; -230.596717
194.111193; -231.112417
194.838345; -231.630764
195.563558; -232.151819
196.286773; -232.675643
197.007929; -233.202299
197.726964; -233.731846
198.443815; -234.264345
199.158418; -234.799857
199.870687; -235.338426
200.580598; -235.880146
201.288061; -236.42506
201.993007; -236.973226
202.695365; -237.524703
203.395064; -238.07955
204.09203; -238.637825
204.78619; -239.199586
205.477467; -239.764888
206.165787; -240.333789
206.851069; -240.906343
207.533237; -241.482605
208.212208; -242.06263
208.887901; -242.646468
209.560234; -243.234174
210.229107; -243.825782
210.894467; -244.421371
211.556212; -245.020976
212.214253; -245.624642
212.868501; -246.232416
213.518869; -246.844341
214.165264; -247.46046
214.807596; -248.080814
215.445771; -248.705443
216.079698; -249.334383
216.709282; -249.96767
217.334428; -250.605338
217.955041; -251.247419
218.571025; -251.893941
219.182284; -252.544933
219.788715; -253.200411
220.390234; -253.860413
220.986737; -254.524952
221.578128; -255.194044
222.164308; -255.867706
222.745207; -256.545926
223.320814; -257.228644
223.891126; -257.915792
224.456139; -258.607302
225.015855; -259.303108
225.570275; -260.00314
226.11939; -260.707315
226.663236; -261.415602
227.201786; -262.127893
227.735066; -262.84414
228.263086; -263.564276
228.785856; -264.288233
229.30339; -265.015944
229.815702; -265.747343
230.322809; -266.482363
230.824727; -267.220938
231.321474; -267.963002
231.813071; -268.708491
232.299537; -269.457339
232.780895; -270.209482
233.257169; -270.964856
233.728381; -271.723399
234.194558; -272.485047
234.655794; -273.249855
235.111978; -274.01753
235.563207; -274.788127
236.009511; -275.561587
236.45092; -276.337851
236.887464; -277.116861
237.319159; -277.898532
237.746056; -278.682839
238.168188; -279.469728
238.585586; -280.259144
238.998286; -281.051031
239.406321; -281.845336
239.809725; -282.642006
240.208535; -283.440989
240.602785; -284.242234
240.992511; -285.045691
241.377804; -285.851423
241.758592; -286.659154
242.134966; -287.46895
242.506965; -288.280766
242.874626; -289.094555
243.237988; -289.910274
243.597088; -290.727877
243.951966; -291.547323
244.302646; -292.368539
244.649184; -293.191519
244.991618; -294.016222
245.329985; -294.842608
245.664326; -295.670636
245.994677; -296.500267
246.321078; -297.331464
246.643568; -298.164187
246.962185; -298.998402
247.277008; -299.83418
247.587993; -300.671268
247.895222; -301.509742
248.198733; -302.349569
248.498564; -303.190717
248.794754; -304.033154
249.087341; -304.876849
249.376364; -305.721772
249.66185; -306.56786
249.943849; -307.415124
250.222401; -308.263535
250.497541; -309.113064
250.769307; -309.963684
251.037735; -310.815368
251.302864; -311.668087
251.564728; -312.521817
251.823365; -313.376531
252.078844; -314.232318
252.331133; -315.088926
252.580302; -315.946447
252.826388; -316.804858
253.069426; -317.664138
253.309452; -318.524264
253.546499; -319.385216
253.780603; -320.246973
254.011799; -321.109515
254.24012; -321.972822
254.465594; -322.836847
254.688263; -323.701605
254.90816; -324.567078
255.125319; -325.433247
255.339773; -326.300095
255.551553; -327.167602
255.760693; -328.035753
255.967224; -328.904529
256.171179; -329.773916
256.372595; -330.643926
256.57151; -331.514573
256.767922; -332.385693
256.961883; -333.257363
257.153423; -334.129568
257.342572; -335.002295
257.529362; -335.87553
257.713821; -336.749261
257.89598; -337.623474
258.075868; -338.498157
258.253509; -339.373268
258.428938; -340.248831
258.602184; -341.124834
258.773276; -342.001264
258.942242; -342.878111
259.10911; -343.755362
259.273907; -344.633008
259.436661; -345.511037
259.597399; -346.389438
259.756149; -347.268203
259.912936; -348.147321
260.067789; -349.026782
260.220752; -349.906688
260.371807; -350.786775
260.521008; -351.667184
260.668378; -352.547905
260.813945; -353.428931
260.957733; -354.310252
261.099767; -355.191861
261.240073; -356.073749
261.378675; -356.955909
261.515598; -357.838334
261.650867; -358.721015
261.784505; -359.603946
261.916537; -360.487119
262.046987; -361.370529
262.175877; -362.254167
262.303233; -363.138029
262.429078; -364.022107
262.55345; -364.90658
262.676276; -365.79108
262.797546; -366.675796
262.917226; -367.560729
263.035281; -368.445881
263.151676; -369.331252
263.266375; -370.216845
263.379343; -371.102661
263.490545; -371.988707
263.599943; -372.874971
263.707501; -373.761459
263.813182; -374.648174
263.91695; -375.535114
264.018766; -376.422281
264.118593; -377.309673
264.216393; -378.197291
264.312127; -379.085135
264.405755; -379.973202
264.497239; -380.861494
264.586539; -381.750007
264.673614; -382.638742
264.758423; -383.527695
264.840925; -384.416866
264.921078; -385.306252
264.99884; -386.19585
265.074169; -387.085657
265.14702; -387.975671
265.217349; -388.865887
265.285113; -389.756303
265.350266; -390.646913
265.412762; -391.537713
265.472555; -392.428699
265.529598; -393.319865
265.583844; -394.211206
265.635243; -395.102715
265.683747; -395.994383
265.729307; -396.886211
265.771872; -397.778188
265.81139; -398.670305
265.84781; -399.562553
265.881079; -400.454925
265.911143; -401.34741
265.937949; -402.239998
265.96144; -403.13268
265.981562; -404.025444
265.998257; -404.918279
266.011468; -405.811171
266.021135; -406.704109
266.0272; -407.597078
266.029602; -408.490065
266.02828; -409.383035
266.023171; -410.276015
266.014212; -411.168964
266.001339; -412.061865
265.984486; -412.954699
265.963587; -413.847448
265.938576; -414.74009
265.909383; -415.632605
265.875939; -416.52497
265.838173; -417.417163
265.796015; -418.309158
265.749392; -419.200931
265.698229; -420.092454
265.642452; -420.9837
265.581985; -421.874651
265.516755; -422.765209
265.446676; -423.655451
265.371673; -424.545291
265.291665; -425.434695
265.206571; -426.323626
265.116309; -427.212046
265.020795; -428.099917
264.919943; -428.987197
264.813669; -429.873842
264.701886; -430.75981
264.584505; -431.645052
264.461438; -432.529522
264.332595; -433.413167
264.197886; -434.295936
264.057227; -435.177722
263.910506; -436.058584
263.757642; -436.938399
263.598538; -437.817106
263.433102; -438.694642
263.261236; -439.570941
263.082844; -440.445934
262.897831; -441.31955
262.706099; -442.191715
262.50755; -443.062353
262.302087; -443.931385
262.089612; -444.798727
261.870026; -445.664297
261.643247; -446.527949
261.409146; -447.389713
261.167642; -448.24943
260.918638; -449.107004
260.662037; -449.962335
260.397744; -450.81532
260.125664; -451.665852
259.845704; -452.513823
259.557772; -453.359118
259.261776; -454.201624
258.957629; -455.04122
258.645242; -455.877785
258.324531; -456.711193
257.995413; -457.541317
257.657825; -458.367983
257.311655; -459.191145
256.956847; -460.01062
256.59333; -460.826268
256.221036; -461.637947
255.839902; -462.445513
255.449868; -463.248817
255.05088; -464.047712
254.642888; -464.842045
254.225844; -465.631664
253.79971; -466.416413
253.364449; -467.196137
252.920032; -467.970679
252.466426; -468.739895
252.003648; -469.50357
251.531646; -470.26161
251.05043; -471.013833
250.560001; -471.760081
250.060365; -472.500197
249.551538; -473.234024
249.03354; -473.961408
248.506399; -474.682196
247.970152; -475.396236
247.424841; -476.10338
246.870514; -476.803481
246.30723; -477.496396
245.735032; -478.182022
245.154125; -478.860208
244.564652; -479.53097
243.966796; -480.194279
243.36074; -480.850107
242.746662; -481.498435
242.124719; -482.139268
241.495131; -482.772545
240.858066; -483.398261
240.21367; -484.016437
239.562109; -484.627067
238.903549; -485.230151
238.238153; -485.825689
237.56608; -486.413686
236.887441; -486.994187
236.202482; -487.567122
235.511306; -488.132542
234.814085; -488.690442
234.110931; -489.240862
233.401987; -489.783817
232.687392; -490.319325
231.967284; -490.847401
231.241796; -491.368066
230.51098; -491.881395
229.775123; -492.387297
229.034268; -492.885853
228.288537; -493.377085
227.538071; -493.861004
226.782957; -494.337653
226.023308; -494.807057
225.259238; -495.269239
224.490856; -495.724223
223.718269; -496.172035
222.941526; -496.61273
222.160842; -497.04627
221.376259; -497.472714
220.587872; -497.892085
219.795807; -498.304396
219.000118; -498.70969
218.200897; -499.107992
217.398233; -499.499324
216.592215; -499.883711
215.782929; -500.261175
214.970459; -500.631739
214.154829; -500.995451
213.336234; -501.352282
212.514694; -501.702279
211.690285; -502.045464
210.863112; -502.381846
210.033209; -502.71146
209.200651; -503.034326
208.365508; -503.350462
207.52785; -503.659886
206.687746; -503.962615
205.845263; -504.258665
205.000467; -504.548054
204.153422; -504.830795
203.304072; -505.106944
202.45272; -505.376435
201.599336; -505.639313
200.743944; -505.895602
199.886602; -506.145314
199.02737; -506.38846
198.166305; -506.62505
197.303465; -506.855095
196.438906; -507.078602
195.572683; -507.295581
194.704851; -507.506038
193.835464; -507.709981
192.964575; -507.907415
192.092119; -508.098372
191.218406; -508.282798
190.343342; -508.460732
189.466981; -508.632174
188.589372; -508.797128
187.710565; -508.955594
186.830612; -509.107574
185.949561; -509.253067
185.067462; -509.392073
184.184364; -509.524591
183.300315; -509.650617
182.415364; -509.770148
181.529559; -509.883182
180.642948; -509.989714
179.75558; -510.089738
178.867406; -510.183259
177.978669; -510.270248
177.089316; -510.350711
176.199395; -510.424638
175.308955; -510.49202
174.418042; -510.55285
173.526705; -510.607115
172.634992; -510.654806
171.742951; -510.69591
170.85063; -510.730416
169.958078; -510.758311
169.065344; -510.77958
168.172476; -510.794211
167.279523; -510.802187
166.386536; -510.803494
165.493573; -510.798115
164.600644; -510.786034
163.707854; -510.767233
162.815231; -510.741694
161.922828; -510.7094
161.030695; -510.67033
160.138885; -510.624466
159.247453; -510.571787
158.35645; -510.512273
157.465932; -510.445902
156.575954; -510.372652
155.68657; -510.292503
154.797838; -510.205431
153.909813; -510.111413
153.022554; -510.010426
152.136119; -509.902446
151.250566; -509.787449
150.365945; -509.66541
149.482351; -509.536307
148.599811; -509.400112
147.718398; -509.256801
146.838176; -509.106347
145.959209; -508.948727
145.081562; -508.783912
144.205303; -508.611879
143.330496; -508.4326
142.457212; -508.246049
141.585518; -508.052201
140.715486; -507.851029
139.847186; -507.642506
138.980691; -507.426608
138.116073; -507.203308
137.253408; -506.972581
136.392746; -506.734393
135.534205; -506.488765
134.677796; -506.235801
133.823547; -505.975639
132.971479; -505.708417
132.121614; -505.434273
131.273951; -505.153341
130.428576; -504.865783
129.5854; -504.571707
128.744471; -504.271263
127.905794; -503.964591
127.069368; -503.651829
126.235193; -503.333114
125.403263; -503.008584
124.573594; -502.678384
123.746104; -502.34262
122.920855; -502.001457
122.097806; -501.655019
121.276941; -501.303439
120.45824; -500.946848
119.641681; -500.585377
118.827242; -500.219156
118.014897; -499.848313
117.204624; -499.472979
116.396377; -499.093272
115.590147; -498.709328
114.785887; -498.321262
113.983567; -497.9292
113.183152; -497.533264
112.384605; -497.133574
111.587887; -496.73025
110.792959; -496.323409
109.999748; -495.913153
109.208302; -495.499644
108.418492; -495.082953
107.630302; -494.663208
106.843684; -494.240522
106.058593; -493.815007
105.274981; -493.386775
104.4928; -492.955936
103.711999; -492.522599
102.932529; -492.086873
102.154338; -491.648867
101.377374; -491.208689
100.601583; -490.766444
99.826912; -490.32224
99.053307; -489.876183
98.280712; -489.428379
97.509071; -488.978932
96.738327; -488.527948
95.968423; -488.075533
95.199301; -487.621791
94.4309; -487.166826
93.663163; -486.710745
92.896032; -486.253654
92.129436; -485.795652
91.363318; -485.336848
90.597618; -484.87735
89.832272; -484.417263
89.067215; -483.956694
88.302384; -483.495752
87.537713; -483.034544
86.773137; -482.573181
86.008588; -482.111772
85.244; -481.650429
84.479321; -481.189275
83.714443; -480.728401
82.949319; -480.267935
82.18388; -479.807994
81.418055; -479.348698
80.651772; -478.890167
79.884959; -478.432524
79.117543; -477.975893
78.349451; -477.520402
77.580609; -477.066181
76.810942; -476.61336
76.040375; -476.162076
75.268867; -475.712487
74.496256; -475.264685
73.722515; -474.818841
72.947564; -474.375105
72.171326; -473.933626
71.393722; -473.494562
70.614672; -473.05807
69.834096; -472.624316
69.051915; -472.193467
68.268048; -471.765696
67.482415; -471.341182
66.695003; -470.920145
65.905575; -470.502689
65.114139; -470.089058
64.320614; -469.679452
63.524922; -469.274078
62.726982; -468.87315
61.926716; -468.476889
61.124048; -468.085524
60.318902; -467.699289
59.511202; -467.318427
58.700878; -466.943191
57.887942; -466.573876
57.072132; -466.210664
56.253494; -465.853881
55.431965; -465.503813
54.607488; -465.160754
53.780008; -464.825009
52.949479; -464.496891
52.115855; -464.176724
51.279102; -463.864839
50.4393; -463.56162
49.596178; -463.267327
48.749857; -462.982372
47.900334; -462.707125
47.047612; -462.441965
46.191706; -462.187278
45.332646; -461.943458
44.47047; -461.710906
43.605232; -461.490029
42.737001; -461.281238
41.865944; -461.084968
40.991983; -460.901596
40.115332; -460.731563
39.236127; -460.575285
38.354523; -460.433177
37.470694; -460.305649
36.584835; -460.1931
35.697159; -460.095923
34.807901; -460.014496
33.917356; -459.949186
33.025716; -459.900332
32.133315; -459.868261
31.240467; -459.853275
30.347496; -459.855588
29.454735; -459.875058
28.562501; -459.911404
27.671094; -459.964319
26.780798; -460.03348
25.89187; -460.118545
25.004577; -460.219155
24.119164; -460.334939
23.235801; -460.465522
22.354679; -460.610517
21.475972; -460.769535
20.599815; -460.942183
19.726393; -461.128055
18.8558; -461.326761
17.988139; -461.537905
17.123525; -461.76109
16.261988; -461.995938
15.403595; -462.242067
14.548333; -462.499119
13.696378; -462.766684
12.847683; -463.044421
12.002264; -463.331976
11.160151; -463.628994
10.3213; -463.935154
9.485707; -464.250125
8.653324; -464.573601
7.824206; -464.905241
6.998282; -465.244759
6.175516; -465.591864
5.355902; -465.946259
4.539343; -466.30769
3.725801; -466.67589
2.915206; -467.05061
2.107562; -467.431574
1.302782; -467.818555
0.500808; -468.211319
-0.298421; -468.609642
-1.094938; -469.01329
-1.888852; -469.422074
-2.680221; -469.835787
-3.469109; -470.25423
-4.255635; -470.677241
-5.039739; -471.104567
-5.821556; -471.536063
-6.601155; -471.971555
-7.378604; -472.410876
-8.15395; -472.853849
-8.927293; -473.300335
-9.698698; -473.750178
-10.468229; -474.203226
-11.235988; -474.659355
-12.001967; -475.11838
-12.766273; -475.580185
-13.528974; -476.044639
-14.290135; -476.511612
-15.049799; -476.980962
-15.808066; -477.452587
-16.565; -477.926366
-17.320662; -478.402181
-18.075116; -478.879916
-18.828475; -479.35949
-19.580698; -479.840728
-20.331902; -480.323556
-21.082149; -480.80787
-21.831471; -481.293547
-22.57997; -481.780512
-23.327705; -482.268665
-24.074735; -482.757908
-24.82112; -483.248144
-25.566918; -483.739277
-26.312188; -484.231216
-27.056987; -484.723866
-27.801428; -485.217174
-28.545437; -485.710963
-29.289157; -486.2052
-30.032645; -486.699799
-30.775956; -487.194671
-31.519146; -487.68973
-32.262273; -488.184892
-33.00539; -488.680071
-33.748554; -489.175182
-34.491819; -489.670143
-35.235241; -490.16487
-35.978874; -490.659279
-36.722888; -491.153364
-37.467106; -491.64689
-38.211699; -492.13985
-38.956721; -492.632164
-39.702226; -493.123746
-40.448266; -493.614516
-41.194895; -494.104389
-41.942169; -494.593285
-42.690135; -495.081115
-43.438848; -495.567798
-44.18836; -496.053249
-44.938724; -496.537382
-45.689992; -497.020111
-46.442215; -497.501351
-47.195446; -497.981013
-47.949734; -498.45901
-48.705132; -498.935251
-49.461689; -499.409648
-50.219457; -499.882109
-50.978487; -500.352541
-51.738827; -500.820851
-52.500528; -501.286944
-53.263639; -501.750725
-54.02821; -502.212095
-54.79429; -502.670956
-55.561926; -503.127207
-56.331168; -503.580747
-57.102062; -504.031471
-57.874653; -504.479272
-58.648997; -504.924048
-59.425134; -505.365687
-60.203111; -505.804078
-60.982972; -506.239107
-61.764762; -506.670661
-62.548525; -507.09862
-63.334304; -507.522866
-64.12214; -507.943278
-64.912077; -508.35973
-65.704152; -508.772098
-66.498408; -509.180251
-67.29488; -509.584059
-68.093608; -509.983389
-68.894607; -510.378093
-69.69795; -510.768054
-70.503651; -511.153118
-71.311739; -511.533146
-72.122215; -511.908061
-72.935047; -512.277841
-73.750202; -512.642467
-74.567652; -513.00192
-75.387364; -513.356183
-76.209306; -513.70524
-77.033474; -514.049085
-77.859746; -514.387668
-78.688187; -514.721013
-79.518728; -515.049091
-80.351334; -515.37189
-81.185972; -515.689398
-82.022608; -516.001603
-82.861207; -516.308494
-83.701735; -516.610061
-84.544157; -516.906296
-85.388438; -517.19719
-86.234543; -517.482736
-87.082435; -517.762927
-87.932081; -518.037757
-88.783426; -518.307215
-89.636472; -518.571309
-90.491162; -518.830029
-91.347461; -519.083372
-92.205333; -519.331336
-93.064742; -519.57392
-93.925651; -519.811123
-94.788024; -520.042946
-95.651826; -520.269391
-96.517019; -520.490458
-97.383567; -520.70615
-98.251435; -520.916471
-99.120585; -521.121425
-99.990983; -521.321017
-100.862592; -521.515252
-101.735376; -521.704136
-102.609331; -521.887683
-103.484314; -522.065878
-104.36041; -522.238755
-105.237538; -522.406313
-106.115664; -522.568561
-106.994752; -522.725511
-107.874768; -522.877173
-108.755676; -523.023558
-109.637444; -523.16468
-110.520036; -523.300549
-111.403418; -523.43118
-112.287557; -523.556587
-113.17242; -523.676784
-114.057973; -523.791786
-114.944182; -523.901609
-115.831017; -524.006269
-116.718444; -524.105781
-117.606431; -524.200164
-118.494946; -524.289435
-119.383959; -524.373612
-120.273437; -524.452713
-121.163365; -524.526758
-122.053671; -524.595763
-122.944359; -524.659751
-123.835395; -524.718742
-124.726748; -524.772755
-125.618386; -524.821812
-126.510282; -524.865933
-127.402408; -524.90514
-128.294736; -524.939455
-129.187237; -524.9689
-130.079886; -524.993498
-130.972654; -525.01327
-131.865516; -525.028241
-132.758445; -525.038434
-133.651417; -525.04387
-134.544404; -525.044576
-135.437383; -525.040574
-136.330329; -525.031888
-137.223218; -525.018543
-138.116025; -525.000563
-139.008728; -524.977973
-139.901304; -524.950798
-140.793728; -524.919062
-141.685981; -524.882791
-142.578038; -524.84201
-143.469899; -524.796743
-144.361488; -524.747017
-145.25282; -524.692858
-146.143874; -524.634291
-147.03463; -524.571341
-147.925068; -524.504033
-148.815169; -524.432394
-149.704914; -524.35645
-150.594285; -524.276225
-151.483262; -524.191747
-152.371828; -524.10304
-153.259965; -524.01013
-154.147656; -523.913044
-155.034885; -523.811807
-155.921633; -523.706445
-156.807885; -523.596984
-157.693626; -523.48345
-158.578838; -523.365867
-159.463508; -523.244263
-160.347619; -523.118661
-161.231157; -522.989089
-162.114108; -522.855571
-162.996458; -522.718134
-163.878192; -522.576801
-164.759297; -522.431599
-165.639886; -522.282531
-166.519687; -522.129666
-167.398822; -521.973006
-168.277277; -521.812577
-169.155041; -521.648404
-170.032102; -521.48051
-170.908448; -521.30892
-171.784068; -521.133659
-172.658951; -520.954752
-173.533085; -520.772221
-174.406461; -520.586093
-175.279067; -520.396389
-176.150894; -520.203134
-177.021932; -520.006353
-177.892171; -519.806067
-178.76164; -519.602292
-179.630251; -519.395062
-180.498028; -519.184369
-181.364956; -518.970207
-182.231019; -518.752574
-183.096201; -518.531464
-183.960486; -518.306873
-184.823858; -518.078796
-185.686303; -517.847228
-186.547798; -517.612165
-187.408331; -517.373601
-188.267884; -517.13153
-189.12644; -516.885947
-189.983982; -516.636846
-190.840492; -516.384221
-191.695954; -516.128066
-192.550348; -515.868373
-193.403658; -515.605138
-194.255864; -515.338352
-195.106948; -515.068009
-195.956868; -514.794111
-196.805657; -514.516631
-197.653284; -514.235568
-198.499696; -513.950924
-199.344888; -513.662688
-200.188843; -513.37085
-201.031541; -513.075402
-201.872963; -512.776336
-202.713086; -512.473645
-203.551892; -512.167319
-204.389358; -511.85735
-205.225463; -511.54373
-206.060187; -511.226449
-206.893506; -510.9055
-207.7254; -510.580872
-208.555845; -510.252558
-209.384819; -509.920546
-210.2123; -509.58483
-211.038263; -509.245398
-211.862719; -508.902228
-212.685545; -508.555351
-213.506816; -508.204717
-214.326474; -507.850329
-215.144495; -507.492178
-215.960853; -507.130254
-216.775524; -506.764547
-217.588481; -506.395047
-218.399699; -506.021743
-219.209152; -505.644627
-220.016812; -505.263687
-220.822652; -504.878914
-221.626647; -504.490297
-222.428767; -504.097826
-223.228984; -503.701491
-224.027272; -503.301282
-224.823599; -502.897188
-225.617939; -502.4892
-226.410261; -502.077307
-227.200561; -501.661485
-227.988729; -501.241766
-228.774817; -500.818097
-229.558766; -500.390482
-230.340545; -499.958913
-231.120121; -499.523377
-231.897463; -499.083867
-232.672539; -498.640372
-233.445314; -498.192881
-234.215758; -497.741387
-234.983835; -497.285879
-235.749511; -496.826348
-236.512753; -496.362784
-237.273526; -495.895179
-238.031794; -495.423523
-238.787522; -494.947808
-239.540674; -494.468025
-240.291213; -493.984166
-241.039104; -493.496222
-241.784308; -493.004186
-242.526785; -492.508052
-243.266505; -492.007807
-244.003425; -491.503447
-244.737506; -490.994965
-245.46871; -490.482353
-246.196997; -489.965606
-246.922327; -489.444716
-247.64466; -488.919679
-248.363956; -488.390488
-249.080174; -487.857139
-249.793272; -487.319626
-250.503209; -486.777944
-251.209942; -486.232091
-251.913431; -485.682061
-252.613632; -485.127851
-253.310501; -484.569459
-254.003997; -484.006882
-254.694074; -483.440118
-255.38069; -482.869165
-256.063801; -482.294023
-256.743362; -481.714688
-257.419323; -481.131168
-258.091648; -480.543455
-258.760289; -479.951552
-259.425198; -479.355461
-260.086332; -478.755185
-260.743643; -478.150727
-261.397086; -477.542088
-262.046615; -476.929274
-262.692183; -476.312289
-263.333743; -475.691138
-263.97125; -475.065827
-264.604679; -474.436339
-265.233919; -473.802746
-265.858983; -473.164997
-266.479804; -472.523118
-267.096337; -471.877118
-267.708535; -471.227009
-268.316349; -470.5728
-268.919734; -469.914503
-269.518642; -469.25213
-270.113013; -468.585711
-270.702834; -467.91522
-271.28803; -467.240705
-271.868563; -466.562172
-272.444387; -465.879637
-273.015454; -465.193119
-273.58172; -464.502634
-274.143138; -463.808202
-274.699664; -463.109842
-275.251253; -462.407576
-275.797858; -461.701424
-276.339437; -460.99141
-276.875951; -460.277551
-277.407364; -459.559899
-277.933679; -458.838499
-278.454895; -458.113406
-278.97101; -457.384672
-279.482022; -456.652351
-279.98793; -455.916494
-280.488737; -455.177152
-280.984435; -454.434385
-281.47503; -453.688236
-281.960521; -452.938756
-282.44091; -452.185994
-282.916197; -451.43
-283.386383; -450.670822
-283.851469; -449.908509
-284.311457; -449.143108
-284.766348; -448.374666
-285.216144; -447.603232
-285.660857; -446.828832
-286.100465; -446.051554
-286.534984; -445.271418
-286.964416; -444.48847
-287.388764; -443.702753
-287.80803; -442.914311
-288.222215; -442.123188
-288.631323; -441.329427
-289.035355; -440.53307
-289.434314; -439.734159
-289.828201; -438.932735
-290.21702; -438.128839
-290.600773; -437.322513
-290.979461; -436.513795
-291.353098; -435.702703
-291.721663; -434.889327
-292.08517; -434.073676
-292.443622; -433.255791
-292.797019; -432.435709
-293.145365; -431.613467
-293.48866; -430.789104
-293.826906; -429.962656
-294.160105; -429.134159
-294.488258; -428.303651
-294.811365; -427.471167
-295.129428; -426.636742
-295.442447; -425.800412
-295.750424; -424.962213
-296.053358; -424.122177
-296.351257; -423.280322
-296.644106; -422.436719
-296.931914; -421.591382
-297.21468; -420.744345
-297.492402; -419.895641
-297.765081; -419.045303
-298.032715; -418.193363
-298.295304; -417.339855
-298.552845; -416.484811
-298.805338; -415.628261
-299.052779; -414.77024
-299.295168; -413.910777
-299.532494; -413.049933
-299.76477; -412.187683
-299.991989; -411.324071
-300.214144; -410.459138
-300.43123; -409.592929
-300.643241; -408.725481
-300.850179; -407.856801
-301.052037; -406.986926
-301.248811; -406.115887
-301.440497; -405.243714
-301.627089; -404.370437
-301.808582; -403.496086
-301.984969; -402.620691
-302.156246; -401.744282
-302.322405; -400.866888
-302.48344; -399.988539
-302.639345; -399.109265
-302.790111; -398.229096
-302.935731; -397.34806
-303.076198; -396.466188
-303.211503; -395.583509
-303.341637; -394.700054
-303.466592; -393.815851
-303.586359; -392.93093
-303.700927; -392.045321
-303.810288; -391.159054
-303.91443; -390.272158
-304.013345; -389.384664
-304.107019; -388.496602
-304.195443; -387.608002
-304.278605; -386.718893
-304.356493; -385.829307
-304.429094; -384.939275
-304.496397; -384.048825
-304.558388; -383.157991
-304.615054; -382.266802
-304.666382; -381.375289
-304.712357; -380.483484
-304.752965; -379.591419
-304.788193; -378.699126
-304.818024; -377.806635
-304.842443; -376.913981
-304.861436; -376.021163
-304.874985; -375.128312
-304.883075; -374.235359
-304.885688; -373.342373
-304.882809; -372.449388
-304.87442; -371.556438
-304.860503; -370.663557
-304.841039; -369.770779
-304.816012; -368.878141
-304.785402; -367.985676
-304.74919; -367.093421
-304.707358; -366.201412
-304.659884; -365.309686
-304.606751; -364.418279
-304.547937; -363.527229
-304.483422; -362.636574
-304.413186; -361.746351
-304.337207; -360.856601
-304.255464; -359.967361
-304.167936; -359.078673
-304.074598; -358.190556
-303.975442; -357.303122
-303.870496; -356.416322
-303.759827; -355.530217
-303.643502; -354.644837
-303.52159; -353.76021
-303.394158; -352.87636
-303.261277; -351.993313
-303.123016; -351.111082
-302.979453; -350.229722
-302.830655; -349.349217
-302.676698; -348.4696
-302.517656; -347.590888
-302.353604; -346.713097
-302.184618; -345.836243
-302.010776; -344.960339
-301.832153; -344.085397
-301.648828; -343.211429
-301.46087; -342.338409
-301.268386; -341.466471
-301.071422; -340.595474
-300.870069; -339.725482
-300.664406; -338.856499
-300.454513; -337.988528
-300.240468; -337.121571
-300.022352; -336.255629
-299.800244; -335.390702
-299.574224; -334.52679
-299.344371; -333.663889
-299.110764; -332.801997
-298.873491; -331.941134
-298.632605; -331.081199
-298.388216; -330.222303
-298.140391; -329.364392
-297.88921; -328.507458
-297.634751; -327.651491
-297.377092; -326.796482
-297.116311; -325.942419
-296.852488; -325.089291
-296.585699; -324.237086
-296.316023; -323.38579
-296.043536; -322.535389
-295.768316; -321.685869
-295.490438; -320.837214
-295.209979; -319.989405
-294.927018; -319.142434
-294.641628; -318.296277
-294.353885; -317.450918
-294.063863; -316.606338
-293.771639; -315.762516
-293.477285; -314.919435
-293.180876; -314.077074
-292.882487; -313.235413
-292.58219; -312.39443
-292.280059; -311.554104
-291.976167; -310.714413
-291.670594; -309.875357
-291.363386; -309.03684
-291.054644; -308.198921
-290.74443; -307.361547
-290.432815; -306.524692
-290.11987; -305.688334
-289.805665; -304.852447
-289.490272; -304.017009
-289.173762; -303.181993
-288.856203; -302.347374
-288.537667; -301.513129
-288.218224; -300.67923
-287.897942; -299.845653
-287.576892; -299.012372
-287.255147; -298.179372
-286.932761; -297.346587
-286.60982; -296.514036
-286.286387; -295.681677
-285.962532; -294.849482
-285.638321; -294.017425
-285.313825; -293.185479
-284.989124; -292.353651
-284.664262; -291.52185
-284.339312; -290.69006
-284.014346; -289.858263
-283.689436; -289.026442
-283.364654; -288.194579
-283.040072; -287.362658
-282.715763; -286.53066
-282.391777; -285.698515
-282.068215; -284.866278
-281.745097; -284.033796
-281.422516; -283.201106
-281.100541; -282.368181
-280.779241; -281.534996
-280.458685; -280.701524
-280.138943; -279.86774
-279.820084; -279.033618
-279.502177; -278.199132
-279.185293; -277.364258
-278.869501; -276.52897
-278.554872; -275.693243
-278.241476; -274.857052
-277.929384; -274.020375
-277.618666; -273.183186
-277.309395; -272.345461
-277.001641; -271.507178
-276.695476; -270.668313
-276.390972; -269.828844
-276.088201; -268.988749
-275.787236; -268.148004
-275.48815; -267.30659
-275.191015; -266.464484
-274.895905; -265.621667
-274.602895; -264.778117
-274.312057; -263.933816
-274.023466; -263.088745
-273.737197; -262.242884
-273.453325; -261.396215
-273.171925; -260.548722
-272.893073; -259.700387
-272.616844; -258.851196
-272.343315; -258.001129
-272.072562; -257.150175
-271.804662; -256.298318
-271.539692; -255.445545
-271.277729; -254.591844
-271.018851; -253.737202
-270.763135; -252.881609
-270.51066; -252.025054
-270.261504; -251.167528
-270.015744; -250.309022
-269.77346; -249.449529
-269.534731; -248.589042
-269.29963; -247.72754
-269.068245; -246.865065
-268.840576; -246.001586
-268.616608; -245.137139
-268.396319; -244.271747
-268.179685; -243.405433
-267.966681; -242.5382
-267.757294; -241.670111
-267.551497; -240.801174
-267.349262; -239.931386
-267.150568; -239.060783
-266.955392; -238.189384
-266.763709; -237.31721
-266.575496; -236.44428
-266.390729; -235.570615
-266.209382; -234.696233
-266.031431; -233.821154
-265.856851; -232.945396
-265.685616; -232.068978
-265.517703; -231.191917
-265.353084; -230.314232
-265.191735; -229.43594
-265.033635; -228.557086
-264.878743; -227.677604
-264.727049; -226.797595
-264.57852; -225.917045
-264.433131; -225.035972
-264.290856; -224.15439
-264.151668; -223.272316
-264.015541; -222.389764
-263.882448; -221.506749
-263.752363; -220.623286
-263.625258; -219.739389
-263.501108; -218.855072
-263.379886; -217.970349
-263.261564; -217.085233
-263.146116; -216.199738
-263.033515; -215.313876
-262.923734; -214.42766
-262.816746; -213.541102
-262.712524; -212.654212
-262.611041; -211.767003
-262.51227; -210.879494
-262.416186; -209.991691
-262.322759; -209.103604
-262.231963; -208.215244
-262.143772; -207.326622
-262.058158; -206.437747
-261.975094; -205.54863
-261.894553; -204.65928
-261.816509; -203.769708
-261.740934; -202.879923
-261.667802; -201.989933
-261.597086; -201.099748
-261.528759; -200.209376
-261.462794; -199.318826
-261.399164; -198.428107
-261.337844; -197.537225
-261.278805; -196.646189
-261.222024; -195.755032
-261.167467; -194.863667
-261.115115; -193.972215
-261.064939; -193.080637
-261.016913; -192.18894
-260.97101; -191.297132
-260.927204; -190.405218
-260.885468; -189.513205
-260.845776; -188.621098
-260.808103; -187.728903
-260.772421; -186.836627
-260.738706; -185.944274
-260.70693; -185.05185
-260.677069; -184.15936
-260.649096; -183.266808
-260.622985; -182.3742
-260.59871; -181.48154
-260.576247; -180.588833
-260.555568; -179.696083
-260.53665; -178.803293
-260.519466; -177.910505
-260.503989; -177.017635
-260.490196; -176.124721
-260.478061; -175.231814
-260.467558; -174.338885
-260.458663; -173.44594
-260.451349; -172.55298
-260.445593; -171.660009
-260.441368; -170.767029
-260.43865; -169.874043
-260.437414; -168.981054
-260.437634; -168.088064
-260.439286; -167.195075
-260.442345; -166.302091
-260.446787; -165.409112
-260.452586; -164.516141
-260.459717; -163.623179
-260.468157; -162.730229
-260.47788; -161.837292
-260.488862; -160.94437
-260.501078; -160.051463
-260.514503; -159.158574
-260.529114; -158.265704
-260.544886; -157.372853
-260.561794; -156.479994
-260.579813; -155.587215
-260.59892; -154.69443
-260.61909; -153.801667
-260.640299; -152.908929
-260.662522; -152.016215
-260.685735; -151.123527
-260.709914; -150.230864
-260.735035; -149.338227
-260.761073; -148.445617
-260.788003; -147.553033
-260.815803; -146.660476
-260.844447; -145.767945
-260.873911; -144.875441
-260.904171; -143.982964
-260.935202; -143.090513
-260.966981; -142.198088
-260.999483; -141.30569
-261.032684; -140.413317
-261.06656; -139.52097
-261.101085; -138.628647
-261.136236; -137.736349
-261.171989; -136.844075
-261.208318; -135.951825
