heading_x;heading_z
-0.105598;0.994409
-0.107282;0.994229
-0.108977;0.994044
-0.110682;0.993856
-0.112397;0.993663
-0.114123;0.993467
-0.115859;0.993266
-0.117605;0.99306
-0.119362;0.992851
-0.12113;0.992637
-0.122908;0.992418
-0.124697;0.992195
-0.126496;0.991967
-0.128307;0.991735
-0.130128;0.991497
-0.13196;0.991255
-0.133803;0.991008
-0.135657;0.990756
-0.137522;0.990499
-0.139399;0.990236
-0.141286;0.989969
-0.143185;0.989696
-0.145094;0.989418
-0.147016;0.989134
-0.148948;0.988845
-0.150892;0.98855
-0.152848;0.98825
-0.154815;0.987944
-0.156793;0.987631
-0.158784;0.987313
-0.160786;0.986989
-0.162799;0.986659
-0.164825;0.986323
-0.166862;0.98598
-0.168912;0.985631
-0.170973;0.985276
-0.173047;0.984914
-0.175132;0.984545
-0.17723;0.984169
-0.17934;0.983787
-0.181462;0.983398
-0.183597;0.983002
-0.185744;0.982598
-0.187904;0.982187
-0.190076;0.981769
-0.19226;0.981344
-0.194458;0.980911
-0.196668;0.98047
-0.198891;0.980022
-0.201126;0.979565
-0.203375;0.979101
-0.205636;0.978629
-0.20791;0.978148
-0.210198;0.977659
-0.212498;0.977161
-0.214812;0.976655
-0.217139;0.976141
-0.219479;0.975617
-0.221833;0.975085
-0.224199;0.974543
-0.22658;0.973993
-0.228974;0.973433
-0.231381;0.972863
-0.233802;0.972284
-0.236237;0.971696
-0.238685;0.971097
-0.241147;0.970489
-0.243623;0.96987
-0.246113;0.969241
-0.248616;0.968602
-0.251134;0.967952
-0.253666;0.967292
-0.256211;0.966621
-0.258771;0.965939
-0.261345;0.965245
-0.263933;0.964541
-0.266535;0.963825
-0.269152;0.963098
-0.271783;0.962359
-0.274428;0.961608
-0.277088;0.960845
-0.279762;0.960069
-0.28245;0.959282
-0.285153;0.958482
-0.287871;0.957669
-0.290603;0.956844
-0.29335;0.956005
-0.296111;0.955154
-0.298887;0.954289
-0.301677;0.95341
-0.304483;0.952518
-0.307303;0.951612
-0.310137;0.950692
-0.312987;0.949758
-0.315851;0.948809
-0.31873;0.947846
-0.321624;0.946868
-0.324532;0.945875
-0.327455;0.944867
-0.330393;0.943843
-0.333346;0.942804
-0.336314;0.94175
-0.339296;0.940679
-0.342294;0.939593
-0.345306;0.93849
-0.348333;0.937371
-0.351374;0.936235
-0.35443;0.935082
-0.357501;0.933913
-0.360587;0.932726
-0.363687;0.931521
-0.366802;0.930299
-0.369932;0.929059
-0.373076;0.927801
-0.376234;0.926525
-0.379407;0.92523
-0.382595;0.923916
-0.385797;0.922584
-0.389013;0.921232
-0.392243;0.919862
-0.395487;0.918471
-0.398746;0.917061
-0.402019;0.915631
-0.405305;0.914181
-0.408606;0.912711
-0.41192;0.91122
-0.415248;0.909708
-0.41859;0.908175
-0.421945;0.906622
-0.425313;0.905046
-0.428669;0.903462
-0.431981;0.901883
-0.435248;0.900311
-0.438471;0.898745
-0.441649;0.897188
-0.444783;0.895638
-0.447872;0.894098
-0.450915;0.892567
-0.453914;0.891045
-0.456868;0.889534
-0.459777;0.888034
-0.462641;0.886546
-0.46546;0.885069
-0.468234;0.883604
-0.470963;0.882153
-0.473647;0.880715
-0.476286;0.87929
-0.47888;0.87788
-0.481429;0.876485
-0.483934;0.875105
-0.486394;0.87374
-0.488809;0.872391
-0.491179;0.871059
-0.493505;0.869743
-0.495787;0.868444
-0.498024;0.867163
-0.500218;0.8659
-0.502367;0.864655
-0.504472;0.863428
-0.506534;0.86222
-0.508552;0.861031
-0.510526;0.859862
-0.512457;0.858713
-0.514345;0.857584
-0.516189;0.856475
-0.517991;0.855386
-0.51975;0.854319
-0.521466;0.853272
-0.523139;0.852247
-0.524771;0.851244
-0.52636;0.850262
-0.527907;0.849302
-0.529412;0.848365
-0.530875;0.84745
-0.532297;0.846558
-0.533677;0.845688
-0.535017;0.844842
-0.536315;0.844018
-0.537572;0.843218
-0.538788;0.842441
-0.539964;0.841688
-0.541099;0.840959
-0.542194;0.840254
-0.543248;0.839572
-0.544263;0.838915
-0.545238;0.838281
-0.546173;0.837672
-0.547068;0.837088
-0.547924;0.836528
-0.548741;0.835992
-0.549519;0.835481
-0.550257;0.834995
-0.550957;0.834534
-0.551618;0.834097
-0.55224;0.833685
-0.552824;0.833298
-0.553369;0.832936
-0.553876;0.832599
-0.554345;0.832287
-0.554776;0.832
-0.555169;0.831738
-0.555524;0.8315
-0.555842;0.831288
-0.556121;0.831101
-0.556364;0.830939
-0.556568;0.830802
-0.556736;0.830689
-0.556866;0.830602
-0.556959;0.83054
-0.557015;0.830502
-0.557034;0.830489
-0.557016;0.830501
-0.556962;0.830538
-0.55687;0.8306
-0.556742;0.830686
-0.556577;0.830796
-0.556376;0.830931
-0.556137;0.83109
-0.555863;0.831274
-0.555552;0.831482
-0.555205;0.831714
-0.554821;0.83197
-0.554401;0.83225
-0.553945;0.832553
-0.553452;0.832881
-0.552924;0.833232
-0.552359;0.833606
-0.551758;0.834004
-0.551121;0.834425
-0.550448;0.834869
-0.549739;0.835336
-0.548994;0.835826
-0.548213;0.836339
-0.547396;0.836874
-0.546543;0.837431
-0.545654;0.838011
-0.544729;0.838612
-0.543768;0.839236
-0.542771;0.839881
-0.541739;0.840547
-0.54067;0.841235
-0.539566;0.841944
-0.538425;0.842673
-0.537249;0.843424
-0.536037;0.844194
-0.534789;0.844985
-0.533506;0.845796
-0.532186;0.846627
-0.530831;0.847478
-0.52944;0.848348
-0.528013;0.849237
-0.52655;0.850144
-0.525051;0.851071
-0.523517;0.852015
-0.521946;0.852978
-0.52034;0.853959
-0.518699;0.854957
-0.517021;0.855973
-0.515345;0.856983
-0.513725;0.857955
-0.512162;0.858889
-0.510656;0.859785
-0.509206;0.860645
-0.507812;0.861468
-0.506476;0.862254
-0.505195;0.863005
-0.503971;0.863721
-0.502803;0.864401
-0.501691;0.865047
-0.500636;0.865658
-0.499637;0.866235
-0.498693;0.866778
-0.497806;0.867288
-0.496975;0.867765
-0.4962;0.868208
-0.495481;0.868619
-0.494817;0.868997
-0.49421;0.869342
-0.493659;0.869656
-0.493163;0.869937
-0.492723;0.870186
-0.492339;0.870403
-0.492011;0.870589
-0.491739;0.870743
-0.491523;0.870865
-0.491363;0.870955
-0.491258;0.871014
-0.49121;0.871041
-0.491217;0.871037
-0.491281;0.871001
-0.4914;0.870934
-0.491576;0.870835
-0.491808;0.870704
-0.492096;0.870541
-0.49244;0.870346
-0.492841;0.87012
-0.493298;0.869861
-0.493811;0.869569
-0.494382;0.869245
-0.495009;0.868888
-0.495692;0.868498
-0.496433;0.868075
-0.497231;0.867618
-0.498085;0.867128
-0.498997;0.866604
-0.499966;0.866045
-0.500993;0.865451
-0.502078;0.864823
-0.50322;0.864159
-0.504419;0.863459
-0.505677;0.862723
-0.506993;0.86195
-0.508368;0.86114
-0.5098;0.860293
-0.511291;0.859408
-0.512841;0.858484
-0.51445;0.857521
-0.516117;0.856518
-0.517844;0.855475
-0.519629;0.854392
-0.521475;0.853267
-0.523379;0.8521
-0.525343;0.85089
-0.527367;0.849637
-0.529451;0.848341
-0.531595;0.846999
-0.533798;0.845612
-0.536062;0.844179
-0.538386;0.842698
-0.540771;0.84117
-0.543215;0.839593
-0.545721;0.837967
-0.548286;0.836291
-0.550912;0.834563
-0.553599;0.832783
-0.556346;0.830951
-0.559154;0.829064
-0.562022;0.827122
-0.564951;0.825125
-0.56794;0.82307
-0.570989;0.820958
-0.574098;0.818786
-0.577267;0.816555
-0.580497;0.814263
-0.583785;0.811908
-0.587133;0.80949
-0.59054;0.807008
-0.594006;0.80446
-0.59753;0.801846
-0.601113;0.799164
-0.604753;0.796413
-0.60845;0.793592
-0.612204;0.790699
-0.616015;0.787735
-0.619881;0.784696
-0.623801;0.781583
-0.627777;0.778394
-0.631805;0.775127
-0.635887;0.771782
-0.64002;0.768358
-0.644205;0.764853
-0.648439;0.761266
-0.652723;0.757597
-0.657054;0.753843
-0.661433;0.750004
-0.665857;0.746079
-0.670325;0.742067
-0.674837;0.737967
-0.67939;0.733778
-0.683983;0.729498
-0.688614;0.725128
-0.693283;0.720665
-0.697987;0.716111
-0.702724;0.711462
-0.707493;0.70672
-0.712292;0.701883
-0.717118;0.696951
-0.721971;0.691924
-0.726847;0.6868
-0.731744;0.68158
-0.73666;0.676263
-0.741593;0.67085
-0.74654;0.66534
-0.7515;0.659733
-0.756469;0.65403
-0.761414;0.648266
-0.766224;0.642573
-0.770891;0.636967
-0.775417;0.63145
-0.779803;0.626025
-0.784051;0.620696
-0.788164;0.615465
-0.792144;0.610334
-0.795992;0.605307
-0.799711;0.600385
-0.803304;0.59557
-0.806771;0.590864
-0.810116;0.586269
-0.813341;0.581787
-0.816448;0.577418
-0.81944;0.573165
-0.822318;0.569028
-0.825085;0.565009
-0.827743;0.561108
-0.830294;0.557326
-0.83274;0.553664
-0.835084;0.550123
-0.837327;0.546702
-0.839471;0.543404
-0.841519;0.540227
-0.843472;0.537173
-0.845332;0.534241
-0.847101;0.531431
-0.848781;0.528745
-0.850372;0.526181
-0.851878;0.523741
-0.853299;0.521423
-0.854636;0.519228
-0.855892;0.517155
-0.857067;0.515205
-0.858163;0.513378
-0.85918;0.511673
-0.860121;0.51009
-0.860986;0.508629
-0.861776;0.507289
-0.862492;0.50607
-0.863135;0.504973
-0.863706;0.503996
-0.864205;0.503139
-0.864634;0.502403
-0.864992;0.501787
-0.86528;0.501289
-0.865499;0.500911
-0.865649;0.500652
-0.86573;0.500511
-0.865743;0.500488
-0.865688;0.500583
-0.865565;0.500796
-0.865375;0.501125
-0.865116;0.501571
-0.86479;0.502133
-0.864396;0.502811
-0.863934;0.503605
-0.863404;0.504514
-0.862805;0.505537
-0.862137;0.506675
-0.8614;0.507927
-0.860594;0.509292
-0.859718;0.51077
-0.858771;0.51236
-0.857752;0.514063
-0.856662;0.515878
-0.8555;0.517803
-0.854264;0.519839
-0.852955;0.521985
-0.85157;0.52424
-0.85011;0.526605
-0.848574;0.529077
-0.84696;0.531657
-0.845267;0.534344
-0.843495;0.537136
-0.841643;0.540034
-0.839709;0.543037
-0.837692;0.546142
-0.835592;0.549351
-0.833406;0.552661
-0.831135;0.556071
-0.828776;0.559581
-0.826328;0.563189
-0.823791;0.566894
-0.821162;0.570695
-0.818442;0.57459
-0.815627;0.578578
-0.812718;0.582657
-0.809713;0.586826
-0.806611;0.591082
-0.803411;0.595425
-0.800111;0.599853
-0.79671;0.604362
-0.793207;0.608952
-0.789601;0.61362
-0.785892;0.618364
-0.782077;0.623181
-0.778157;0.62807
-0.77413;0.633027
-0.769995;0.638049
-0.765752;0.643135
-0.761401;0.648281
-0.75694;0.653484
-0.752369;0.658742
-0.747688;0.66405
-0.742896;0.669406
-0.737994;0.674807
-0.732981;0.680249
-0.727857;0.685728
-0.722623;0.691242
-0.717279;0.696786
-0.711826;0.702356
-0.706263;0.707949
-0.700593;0.713561
-0.694813;0.71919
-0.68893;0.724828
-0.682941;0.730474
-0.676848;0.736122
-0.670654;0.74177
-0.66436;0.747413
-0.657967;0.753047
-0.651477;0.758668
-0.644894;0.764272
-0.638219;0.769855
-0.631454;0.775413
-0.624603;0.780943
-0.617667;0.78644
-0.61065;0.7919
-0.603572;0.797309
-0.596519;0.802599
-0.589502;0.807767
-0.58252;0.812817
-0.575571;0.817752
-0.568654;0.822577
-0.561769;0.827294
-0.554913;0.831908
-0.548087;0.836422
-0.541287;0.840838
-0.534514;0.84516
-0.527765;0.849391
-0.521038;0.853533
-0.514334;0.85759
-0.507649;0.861564
-0.500984;0.865457
-0.494336;0.869271
-0.487704;0.873009
-0.481086;0.876673
-0.474481;0.880266
-0.467888;0.883788
-0.461304;0.887242
-0.454728;0.89063
-0.44816;0.893954
-0.441596;0.897214
-0.435036;0.900413
-0.428479;0.903552
-0.421921;0.906632
-0.415363;0.909656
-0.408803;0.912623
-0.402238;0.915535
-0.395667;0.918394
-0.389089;0.9212
-0.382501;0.923955
-0.375903;0.926659
-0.369293;0.929313
-0.362668;0.931918
-0.356028;0.934475
-0.34937;0.936985
-0.342693;0.939447
-0.335996;0.941864
-0.329275;0.944234
-0.322531;0.946559
-0.31576;0.948839
-0.308961;0.951075
-0.302132;0.953266
-0.295272;0.955413
-0.288378;0.957517
-0.281449;0.959576
-0.274482;0.961592
-0.267476;0.963564
-0.260429;0.965493
-0.253339;0.967378
-0.246203;0.969218
-0.23902;0.971015
-0.231788;0.972766
-0.224504;0.974473
-0.217166;0.976135
-0.209773;0.97775
-0.202321;0.979319
-0.19481;0.980841
-0.187235;0.982315
-0.179596;0.98374
-0.17189;0.985116
-0.164114;0.986441
-0.156266;0.987715
-0.148344;0.988936
-0.140345;0.990103
-0.132266;0.991214
-0.124106;0.992269
-0.115861;0.993265
-0.107528;0.994202
-0.099106;0.995077
-0.090592;0.995888
-0.081982;0.996634
-0.073274;0.997312
-0.064466;0.99792
-0.055554;0.998456
-0.046536;0.998917
-0.037409;0.9993
-0.02817;0.999603
-0.018816;0.999823
-0.009344;0.999956
0.000247;1.0
0.009962;0.99995
0.019803;0.999804
0.029773;0.999557
0.039874;0.999205
0.050109;0.998744
0.060482;0.998169
0.070993;0.997477
0.081646;0.996661
0.092444;0.995718
0.103388;0.994641
0.11448;0.993426
0.125723;0.992065
0.137118;0.990555
0.148667;0.988887
0.160371;0.987057
0.172232;0.985056
0.184251;0.982879
0.196427;0.980518
0.208761;0.977967
0.221254;0.975216
0.233904;0.97226
0.24671;0.969089
0.259672;0.965697
0.272787;0.962074
0.286053;0.958214
0.299467;0.954107
0.313026;0.949745
0.326724;0.94512
0.340559;0.940223
0.354522;0.935047
0.36861;0.929584
0.382813;0.923826
0.397125;0.917765
0.411536;0.911393
0.426038;0.904705
0.440618;0.897695
0.455267;0.890355
0.469973;0.882681
0.484722;0.874668
0.499501;0.866313
0.514295;0.857613
0.529089;0.848566
0.543867;0.839172
0.558612;0.829429
0.573308;0.81934
0.587937;0.808907
0.602481;0.798133
0.616921;0.787025
0.631241;0.775587
0.645388;0.763855
0.659165;0.751998
0.672542;0.740059
0.685519;0.728055
0.698099;0.716001
0.710287;0.703912
0.722087;0.691802
0.733504;0.679685
0.744545;0.667572
0.755218;0.655474
0.765529;0.643402
0.775486;0.631364
0.7851;0.61937
0.794375;0.607427
0.803323;0.595543
0.811953;0.583723
0.820272;0.571973
0.828291;0.560298
0.836019;0.548701
0.843464;0.537185
0.850636;0.525755
0.857542;0.514413
0.864193;0.503161
0.870595;0.492
0.876759;0.48093
0.882691;0.469954
0.8884;0.45907
0.893893;0.44828
0.899178;0.437583
0.904262;0.426979
0.909151;0.416466
0.913853;0.406044
0.918375;0.395712
0.922721;0.385468
0.926899;0.37531
0.930914;0.365238
0.934772;0.355249
0.938477;0.345342
0.942035;0.335515
0.945451;0.325764
0.948729;0.31609
0.951875;0.306488
0.954891;0.296957
0.957783;0.287493
0.960553;0.278097
0.963206;0.268765
0.965745;0.259494
0.968173;0.250281
0.970494;0.241125
0.97271;0.232023
0.974825;0.222973
0.97684;0.213971
0.978759;0.205015
0.980584;0.196102
0.982316;0.187231
0.983958;0.178399
0.985513;0.169602
0.986981;0.160839
0.988364;0.152107
0.989664;0.143404
0.990883;0.134725
0.992021;0.12607
0.993081;0.117436
0.994062;0.108819
0.994966;0.100217
0.995793;0.091628
0.996545;0.08305
0.997223;0.074478
0.997825;0.065912
0.998354;0.057348
0.998809;0.048783
0.999191;0.040216
0.999499;0.031643
0.999734;0.023061
0.999895;0.014469
0.999983;0.005862
0.999996;-0.002761
0.999935;-0.011402
0.999799;-0.020066
0.999587;-0.028754
0.999298;-0.03747
0.998931;-0.046215
0.998487;-0.054994
0.997962;-0.063808
0.997357;-0.072661
0.996669;-0.081555
0.995897;-0.090494
0.99504;-0.09948
0.994095;-0.108516
0.99306;-0.117605
0.991935;-0.12675
0.990715;-0.135954
0.989399;-0.14522
0.987985;-0.154551
0.986469;-0.163951
0.984848;-0.173421
0.983119;-0.182966
0.98128;-0.192588
0.979326;-0.202291
0.977253;-0.212077
0.975058;-0.221949
0.972737;-0.231911
0.970285;-0.241966
0.967697;-0.252116
0.964969;-0.262366
0.962094;-0.272716
0.959069;-0.283172
0.955887;-0.293735
0.952542;-0.304408
0.949027;-0.315194
0.945337;-0.326095
0.941464;-0.337114
0.937401;-0.348253
0.93314;-0.359513
0.928673;-0.370899
0.923993;-0.38241
0.91909;-0.394048
0.913955;-0.405815
0.90858;-0.417711
0.902954;-0.429737
0.897111;-0.441806
0.891124;-0.45376
0.885003;-0.465586
0.878755;-0.477273
0.87239;-0.488811
0.865916;-0.50019
0.859342;-0.511402
0.852678;-0.522437
0.845933;-0.533289
0.839118;-0.54395
0.832242;-0.554413
0.825315;-0.564673
0.818347;-0.574724
0.811348;-0.584563
0.804329;-0.594184
0.797298;-0.603586
0.790265;-0.612765
0.78324;-0.62172
0.776231;-0.630449
0.769248;-0.638951
0.762298;-0.647226
0.755392;-0.655274
0.748534;-0.663096
0.741734;-0.670694
0.734999;-0.678068
0.728335;-0.685221
0.721749;-0.692155
0.715247;-0.698872
0.708834;-0.705376
0.702515;-0.711669
0.696296;-0.717754
0.690182;-0.723636
0.684176;-0.729317
0.678282;-0.734802
0.672504;-0.740094
0.666845;-0.745196
0.661308;-0.750114
0.655896;-0.754851
0.650611;-0.759411
0.645456;-0.763798
0.640431;-0.768016
0.63554;-0.772068
0.630783;-0.775959
0.626163;-0.779693
0.621679;-0.783273
0.617332;-0.786702
0.613125;-0.789986
0.609057;-0.793127
0.605128;-0.796128
0.60134;-0.798993
0.597692;-0.801726
0.594185;-0.804328
0.59082;-0.806804
0.587595;-0.809155
0.584511;-0.811386
0.581567;-0.813498
0.578765;-0.815495
0.576103;-0.817377
0.573581;-0.819149
0.571199;-0.820811
0.568957;-0.822367
0.566855;-0.823818
0.564891;-0.825165
0.563067;-0.826411
0.561381;-0.827558
0.559833;-0.828606
0.558423;-0.829556
0.55715;-0.830412
0.556015;-0.831172
0.555017;-0.831839
0.554155;-0.832414
0.553429;-0.832896
0.55284;-0.833288
0.552386;-0.833589
0.552067;-0.833799
0.551884;-0.833921
0.551836;-0.833952
0.551923;-0.833895
0.552145;-0.833748
0.552501;-0.833512
0.552992;-0.833187
0.553617;-0.832772
0.554376;-0.832267
0.555269;-0.831671
0.556296;-0.830984
0.557457;-0.830206
0.558752;-0.829335
0.560181;-0.82837
0.561744;-0.827311
0.56344;-0.826157
0.56527;-0.824906
0.567234;-0.823557
0.569331;-0.822108
0.571562;-0.820559
0.573927;-0.818907
0.576424;-0.81715
0.579055;-0.815288
0.581819;-0.813318
0.584716;-0.811238
0.587745;-0.809046
0.590907;-0.80674
0.594201;-0.804317
0.597626;-0.801775
0.601182;-0.799112
0.604869;-0.796325
0.608686;-0.793412
0.612631;-0.790369
0.616706;-0.787194
0.620907;-0.783884
0.625235;-0.780437
0.629688;-0.776848
0.634264;-0.773116
0.638963;-0.769237
0.643783;-0.765209
0.648721;-0.761027
0.653776;-0.756688
0.658945;-0.752191
0.664227;-0.747531
0.669619;-0.742705
0.675117;-0.737711
0.680719;-0.732545
0.686421;-0.727204
0.69222;-0.721686
0.698112;-0.715988
0.704093;-0.710107
0.710159;-0.704041
0.716305;-0.697788
0.722525;-0.691344
0.728816;-0.684709
0.735171;-0.677881
0.74158;-0.670864
0.747931;-0.663776
0.75418;-0.656668
0.760326;-0.649542
0.76637;-0.6424
0.772312;-0.635244
0.778152;-0.628076
0.783891;-0.620899
0.789529;-0.613713
0.795067;-0.606522
0.800505;-0.599327
0.805843;-0.592129
0.811084;-0.58493
0.816227;-0.577732
0.821272;-0.570536
0.826222;-0.563344
0.831077;-0.556158
0.835837;-0.548978
0.840504;-0.541806
0.845078;-0.534643
0.849561;-0.52749
0.853953;-0.520349
0.858257;-0.513221
0.862472;-0.506106
0.866599;-0.499005
0.870641;-0.491919
0.874597;-0.48485
0.87847;-0.477798
0.88226;-0.470763
0.885968;-0.463747
0.889596;-0.456749
0.893144;-0.449771
0.896614;-0.442813
0.900007;-0.435876
0.903324;-0.42896
0.906566;-0.422065
0.909734;-0.415191
0.91283;-0.40834
0.915854;-0.401511
0.918808;-0.394705
0.921692;-0.387922
0.924509;-0.381161
0.927258;-0.374423
0.929941;-0.367709
0.932559;-0.361017
0.935113;-0.354349
0.937604;-0.347705
0.940033;-0.341083
0.942401;-0.334485
0.944709;-0.32791
0.946958;-0.321358
0.949149;-0.314829
0.951282;-0.308322
0.953359;-0.301838
0.955381;-0.295377
0.957348;-0.288937
0.959262;-0.28252
0.961122;-0.276124
0.962931;-0.269749
0.964688;-0.263396
0.966395;-0.257063
0.968052;-0.250751
0.969659;-0.24446
0.971219;-0.238188
0.972731;-0.231935
0.974196;-0.225702
0.975615;-0.219487
0.976989;-0.213291
0.978317;-0.207113
0.979601;-0.200952
0.980841;-0.194808
0.982038;-0.188681
0.983193;-0.18257
0.984305;-0.176475
0.985376;-0.170394
0.986406;-0.164329
0.987395;-0.158278
0.988343;-0.152241
0.989252;-0.146218
0.990122;-0.140207
0.990953;-0.134208
0.991746;-0.128221
0.9925;-0.122246
0.993216;-0.116281
0.993895;-0.110326
0.994537;-0.104381
0.995143;-0.098445
0.995711;-0.092517
0.996243;-0.086597
0.99674;-0.080685
0.9972;-0.07478
0.997625;-0.068881
0.998014;-0.062987
0.998369;-0.057099
0.998688;-0.051215
0.998972;-0.045334
0.999221;-0.039458
0.999436;-0.033583
0.999616;-0.027711
0.999761;-0.021841
0.999872;-0.015971
0.999949;-0.010101
0.999991;-0.004231
0.999999;0.001641
0.999972;0.007514
0.99991;0.013389
0.999814;0.019267
0.999684;0.02515
0.999518;0.031036
0.999318;0.036928
0.999083;0.042825
0.998812;0.048728
0.998506;0.054639
0.998165;0.060557
0.997787;0.066484
0.997374;0.07242
0.996925;0.078365
0.996439;0.084322
0.995916;0.090289
0.995355;0.096268
0.994758;0.10226
0.994122;0.108266
0.993448;0.114285
0.992735;0.12032
0.991983;0.12637
0.991192;0.132436
0.99036;0.138519
0.989487;0.144621
0.988573;0.15074
0.987623;0.156846
0.98664;0.162917
0.985624;0.168953
0.984577;0.174953
0.983499;0.180914
0.982391;0.186837
0.981254;0.19272
0.980088;0.198562
0.978896;0.204361
0.977676;0.210118
0.976431;0.21583
0.975161;0.221498
0.973867;0.22712
0.97255;0.232695
0.971211;0.238222
0.96985;0.243701
0.96847;0.249131
0.96707;0.254511
0.965651;0.259841
0.964216;0.265119
0.962763;0.270346
0.961295;0.275521
0.959812;0.280643
0.958316;0.285711
0.956806;0.290726
0.955285;0.295686
0.953753;0.300592
0.95221;0.305443
0.950659;0.310239
0.949099;0.314978
0.947531;0.319663
0.945958;0.32429
0.944378;0.328862
0.942794;0.333377
0.941205;0.337835
0.939614;0.342236
0.93802;0.346581
0.936425;0.350868
0.934829;0.355098
0.933233;0.359271
0.931638;0.363387
0.930045;0.367446
0.928454;0.371447
0.926866;0.375392
0.925282;0.379279
0.923703;0.38311
0.922129;0.386883
0.92056;0.3906
0.918999;0.39426
0.917444;0.397864
0.915898;0.401411
0.91436;0.404903
0.912831;0.408338
0.911312;0.411717
0.909803;0.415041
0.908304;0.41831
0.906818;0.421523
0.905343;0.424682
0.90388;0.427786
0.902431;0.430835
0.900995;0.43383
0.899572;0.436771
0.898165;0.439659
0.896772;0.442493
0.895394;0.445274
0.894032;0.448003
0.892686;0.450678
0.891357;0.453302
0.890045;0.455873
0.88875;0.458393
0.887472;0.460861
0.886213;0.463278
0.884972;0.465644
0.88375;0.46796
0.882547;0.470225
0.881363;0.47244
0.880198;0.474606
0.879054;0.476722
0.87793;0.478788
0.876827;0.480806
0.875744;0.482775
0.874683;0.484696
0.873642;0.486569
0.872624;0.488393
0.871627;0.49017
0.870652;0.4919
0.869699;0.493583
0.868769;0.495218
0.867861;0.496807
0.866976;0.498349
0.866114;0.499846
0.865276;0.501296
0.864461;0.5027
0.863669;0.504059
0.862902;0.505372
0.862158;0.50664
0.861438;0.507863
0.860742;0.509041
0.860071;0.510175
0.859424;0.511264
0.858802;0.512308
0.858204;0.513308
0.857632;0.514264
0.857084;0.515176
0.856562;0.516044
0.856065;0.516869
0.855593;0.51765
0.855146;0.518387
0.854725;0.51908
0.85433;0.519731
0.853961;0.520338
0.853617;0.520901
0.853299;0.521422
0.853007;0.521899
0.852742;0.522333
0.852502;0.522724
0.852289;0.523072
0.852102;0.523376
0.851941;0.523638
0.851807;0.523856
0.851699;0.524032
0.851617;0.524164
0.851563;0.524253
0.851535;0.524298
0.851533;0.524301
0.851559;0.524259
0.851611;0.524175
0.85169;0.524046
0.851792;0.523881
0.851897;0.52371
0.852003;0.523537
0.852109;0.523364
0.852216;0.52319
0.852323;0.523015
0.852431;0.522839
0.85254;0.522662
0.852649;0.522484
0.852758;0.522306
0.852868;0.522126
0.852979;0.521945
0.85309;0.521764
0.853202;0.521581
0.853314;0.521397
0.853427;0.521213
0.85354;0.521028
0.853653;0.520841
0.853768;0.520654
0.853882;0.520466
0.853998;0.520277
0.854113;0.520087
0.854229;0.519896
0.854346;0.519704
0.854463;0.519512
0.854581;0.519318
0.854699;0.519124
0.854818;0.518928
0.854937;0.518732
0.855057;0.518535
0.855177;0.518337
0.855297;0.518138
0.855418;0.517938
0.85554;0.517737
0.855662;0.517535
0.855784;0.517333
0.855907;0.517129
0.856031;0.516925
0.856154;0.51672
0.856279;0.516514
0.856403;0.516307
0.856529;0.5161
0.856654;0.515891
0.85678;0.515682
0.856907;0.515471
0.857034;0.51526
0.857161;0.515049
0.857289;0.514836
0.857417;0.514622
0.857546;0.514408
0.857675;0.514193
0.857804;0.513977
0.857934;0.51376
0.858064;0.513542
0.858195;0.513324
0.858326;0.513104
0.858458;0.512884
0.85859;0.512664
0.858722;0.512442
0.858854;0.51222
0.858988;0.511996
0.859121;0.511773
0.859255;0.511548
0.859389;0.511322
0.859524;0.511096
0.859658;0.510869
0.859794;0.510641
0.859929;0.510413
0.860065;0.510184
0.860202;0.509954
0.860338;0.509723
0.860476;0.509492
0.860613;0.50926
0.860751;0.509027
0.860889;0.508793
0.861027;0.508559
0.861166;0.508324
0.861305;0.508088
0.861444;0.507852
0.861584;0.507615
0.861724;0.507377
0.861864;0.507139
0.862005;0.5069
0.862146;0.50666
0.862287;0.50642
0.862428;0.506179
0.86257;0.505937
0.862712;0.505695
0.862855;0.505452
0.862997;0.505209
0.86314;0.504965
0.863283;0.50472
0.863427;0.504474
0.86357;0.504228
0.863714;0.503982
0.863858;0.503735
0.864003;0.503487
0.864148;0.503238
0.864293;0.502989
0.864438;0.50274
0.864583;0.50249
0.864729;0.502239
0.864875;0.501988
0.865021;0.501736
0.865167;0.501484
0.865313;0.501231
0.86546;0.500978
0.865607;0.500724
0.865754;0.50047
0.865901;0.500215
0.866049;0.499959
0.866197;0.499703
0.866344;0.499447
0.866493;0.49919
0.866641;0.498933
0.866789;0.498675
0.866938;0.498417
0.867086;0.498158
0.867235;0.497899
0.867384;0.497639
0.867533;0.497379
0.867683;0.497118
0.867832;0.496857
0.867982;0.496596
0.868132;0.496334
0.868282;0.496072
0.868432;0.495809
0.868582;0.495546
0.868732;0.495283
0.868882;0.495019
0.869037;0.494747
0.869204;0.494453
0.869384;0.494137
0.869578;0.493796
0.869784;0.493433
0.870003;0.493047
0.870235;0.492638
0.870479;0.492205
0.870737;0.491749
0.871007;0.491271
0.87129;0.490769
0.871585;0.490244
0.871893;0.489696
0.872214;0.489124
0.872547;0.48853
0.872893;0.487912
0.873251;0.487271
0.873621;0.486607
0.874004;0.485919
0.874399;0.485208
0.874806;0.484473
0.875226;0.483715
0.875657;0.482933
0.876101;0.482128
0.876556;0.481299
0.877024;0.480447
0.877504;0.47957
0.877995;0.47867
0.878498;0.477745
0.879014;0.476797
0.87954;0.475824
0.880079;0.474828
0.880629;0.473806
0.881191;0.472761
0.881764;0.471691
0.882349;0.470596
0.882945;0.469477
0.883552;0.468333
0.884171;0.467164
0.884801;0.46597
0.885442;0.464751
0.886094;0.463506
0.886757;0.462236
0.887431;0.460941
0.888116;0.45962
0.888811;0.458273
0.889518;0.4569
0.890235;0.455501
0.890963;0.454076
0.891701;0.452625
0.89245;0.451147
0.893208;0.449643
0.893978;0.448111
0.894757;0.446553
0.895546;0.444968
0.896346;0.443355
0.897155;0.441715
0.897974;0.440048
0.898803;0.438352
0.899642;0.436629
0.900489;0.434878
0.901347;0.433098
0.902213;0.43129
0.903089;0.429453
0.903974;0.427588
0.904868;0.425693
0.90577;0.42377
0.906681;0.421816
0.907601;0.419834
0.908529;0.417821
0.909466;0.415779
0.91041;0.413706
0.911363;0.411604
0.912324;0.40947
0.913292;0.407306
0.914268;0.405111
0.915251;0.402885
0.916241;0.400627
0.917239;0.398338
0.918243;0.396017
0.919254;0.393664
0.920272;0.391279
0.921296;0.388862
0.922326;0.386412
0.923363;0.383929
0.924405;0.381414
0.925452;0.378865
0.926505;0.376282
0.927563;0.373666
0.928626;0.371017
0.929694;0.368333
0.930766;0.365615
0.931843;0.362862
0.932923;0.360075
0.934007;0.357253
0.935095;0.354397
0.936186;0.351504
0.93728;0.348577
0.938377;0.345614
0.939476;0.342615
0.940577;0.33958
0.94168;0.336509
0.942785;0.333401
0.943891;0.330257
0.944998;0.327077
0.946105;0.323859
0.947213;0.320605
0.948321;0.317313
0.949428;0.313984
0.950535;0.310617
0.951641;0.307213
0.952745;0.303771
0.953847;0.300292
0.954948;0.296774
0.956046;0.293218
0.957141;0.289624
0.958232;0.285991
0.95932;0.28232
0.960404;0.278611
0.961483;0.274863
0.962558;0.271076
0.963627;0.267251
0.96469;0.263386
0.965748;0.259483
0.966798;0.255542
0.967841;0.251561
0.968877;0.247541
0.969905;0.243483
0.970925;0.239386
0.971935;0.23525
0.972927;0.231114
0.973887;0.227033
0.974816;0.223009
0.975716;0.219041
0.976585;0.21513
0.977426;0.211278
0.978238;0.207484
0.979023;0.203749
0.979781;0.200074
0.980512;0.196459
0.981217;0.192905
0.981898;0.189412
0.982553;0.185981
0.983185;0.182611
0.983794;0.179304
0.984379;0.17606
0.984943;0.172878
0.985485;0.16976
0.986007;0.166706
0.986508;0.163715
0.986989;0.160788
0.987451;0.157926
0.987894;0.155128
0.98832;0.152394
0.988728;0.149726
0.989118;0.147122
0.989493;0.144583
0.989851;0.142109
0.990194;0.139701
0.990522;0.137357
0.990835;0.135079
0.991134;0.132866
0.991419;0.130719
0.991692;0.128636
0.991951;0.126619
0.992199;0.124668
0.992434;0.122781
0.992657;0.12096
0.99287;0.119203
0.993071;0.117512
0.993263;0.115886
0.993443;0.114325
0.993614;0.112828
0.993776;0.111397
0.993928;0.11003
0.994072;0.108727
0.994206;0.107489
0.994332;0.106315
0.994451;0.105205
0.994561;0.10416
0.994663;0.103178
0.994758;0.10226
0.994845;0.101406
0.994925;0.100615
0.994999;0.099887
0.995065;0.099223
0.995125;0.098621
0.995178;0.098082
0.995225;0.097606
0.995266;0.097193
0.9953;0.096842
0.995328;0.096553
0.99535;0.096326
0.995366;0.09616
0.995376;0.096057
0.99538;0.096014
0.995378;0.096033
0.99537;0.096114
0.995357;0.096255
0.995337;0.096456
0.995312;0.096718
0.99528;0.097041
0.995243;0.097423
0.9952;0.097866
0.99515;0.098368
0.995094;0.098929
0.995033;0.09955
0.994964;0.10023
0.99489;0.100969
0.994808;0.101767
0.99472;0.102623
0.994626;0.103537
0.994524;0.104509
0.994415;0.105539
0.994299;0.106626
0.994176;0.107771
0.994045;0.108973
0.993906;0.110232
0.993759;0.111547
0.993604;0.112919
0.993441;0.114347
0.993269;0.115831
0.993088;0.11737
0.992899;0.118964
0.992699;0.120614
0.992491;0.122318
0.992273;0.124077
0.992044;0.12589
0.991805;0.127757
0.991556;0.129678
0.991296;0.131651
0.991025;0.133678
0.990742;0.135757
0.990448;0.137889
0.990141;0.140073
0.989822;0.142308
0.989491;0.144594
0.989147;0.146932
0.988789;0.149319
0.988418;0.151757
0.988033;0.154245
0.987633;0.156783
0.987219;0.159368
0.98679;0.162003
0.986346;0.164685
0.985887;0.167415
0.985411;0.170192
0.984919;0.173016
0.984411;0.175886
0.983885;0.178801
0.983343;0.181762
0.982782;0.184767
0.982204;0.187817
0.981611;0.19089
0.981028;0.193867
0.980457;0.196731
0.979901;0.199483
0.97936;0.202124
0.978834;0.204655
0.978325;0.207076
0.977832;0.209389
0.977358;0.211594
0.976901;0.213693
0.976463;0.215686
0.976044;0.217574
0.975644;0.219358
0.975265;0.221039
0.974906;0.222616
0.974568;0.224091
0.974251;0.225465
0.973956;0.226737
0.973682;0.227909
0.973431;0.22898
0.973202;0.229952
0.972995;0.230824
0.972812;0.231597
0.972651;0.232272
0.972513;0.232847
0.972399;0.233325
0.972308;0.233703
0.97224;0.233984
0.972196;0.234167
0.972176;0.234251
0.972179;0.234237
0.972206;0.234125
0.972257;0.233915
0.972331;0.233606
0.972429;0.233198
0.972551;0.232691
0.972695;0.232085
0.972864;0.231379
0.973055;0.230574
0.973269;0.229667
0.973506;0.22866
0.973766;0.227551
0.974048;0.22634
0.974353;0.225026
0.974679;0.223608
0.975027;0.222087
0.975396;0.22046
0.975786;0.218728
0.976196;0.21689
0.976627;0.214943
0.977076;0.212889
0.977545;0.210725
0.978033;0.20845
0.978539;0.206064
0.979061;0.203565
0.979601;0.200953
0.980156;0.198226
0.980727;0.195382
0.981313;0.192421
0.981911;0.189341
0.982523;0.186141
0.983147;0.182819
0.983781;0.179374
0.984425;0.175805
0.985078;0.172111
0.985738;0.168288
0.986404;0.164337
0.987076;0.160255
0.98775;0.156042
0.988427;0.151694
0.989105;0.147212
0.989782;0.142592
0.990455;0.137835
0.991125;0.132937
0.991787;0.127897
0.992442;0.122715
0.993086;0.117387
0.993718;0.111914
0.994335;0.106292
0.994935;0.100521
0.995515;0.0946
0.996074;0.088526
0.996608;0.082299
0.997114;0.075918
0.99759;0.06938
0.998033;0.062686
0.99844;0.055834
0.998807;0.048824
0.999132;0.041654
0.999411;0.034324
0.99964;0.026833
0.999816;0.019182
0.999935;0.01137
0.999994;0.003398
0.999989;-0.004735
0.999915;-0.013028
0.999769;-0.02148
0.999547;-0.03009
0.999245;-0.038857
0.998858;-0.047779
0.998382;-0.056855
0.997814;-0.066082
0.997149;-0.075458
0.996383;-0.084981
0.995511;-0.094647
0.99453;-0.104453
0.993435;-0.114395
0.992224;-0.124469
0.99089;-0.13467
0.989432;-0.144994
0.987846;-0.155437
0.986127;-0.165991
0.984274;-0.176651
0.982282;-0.187411
0.980148;-0.198265
0.977872;-0.209206
0.975449;-0.220226
0.972878;-0.231318
0.970158;-0.242474
0.967286;-0.253687
0.964263;-0.264948
0.961086;-0.276249
0.957756;-0.287581
0.954273;-0.298935
0.950638;-0.310303
0.946849;-0.321679
0.94291;-0.333046
0.938823;-0.344401
0.934588;-0.355732
0.930235;-0.366964
0.925813;-0.377982
0.921326;-0.388791
0.916779;-0.399395
0.912176;-0.409798
0.907521;-0.420006
0.902818;-0.430022
0.898071;-0.439852
0.893281;-0.449499
0.888453;-0.458969
0.883588;-0.468266
0.878689;-0.477394
0.873759;-0.486359
0.868799;-0.495164
0.863812;-0.503813
0.8588;-0.512312
0.853762;-0.520663
0.848702;-0.528872
0.843619;-0.536942
0.838516;-0.544877
0.833393;-0.552681
0.828251;-0.560358
0.823091;-0.56791
0.817913;-0.575342
0.812718;-0.582657
0.807506;-0.589859
0.802278;-0.596951
0.797033;-0.603936
0.791772;-0.610817
0.786494;-0.617598
0.7812;-0.62428
0.77589;-0.630868
0.770564;-0.637363
0.76522;-0.643768
0.75986;-0.650087
0.754481;-0.656322
0.749085;-0.662474
0.74367;-0.668547
0.738235;-0.674543
0.732781;-0.680464
0.727306;-0.686313
0.721811;-0.692091
0.716293;-0.6978
0.710753;-0.703442
0.705189;-0.70902
0.6996;-0.714535
0.693986;-0.719989
0.688345;-0.725383
0.682677;-0.73072
0.67698;-0.736001
0.671253;-0.741228
0.665496;-0.746402
0.659706;-0.751524
0.653883;-0.756596
0.648025;-0.761619
0.642131;-0.766595
0.6362;-0.771524
0.63023;-0.776409
0.624219;-0.781249
0.618167;-0.786047
0.612072;-0.790802
0.605931;-0.795517
0.599744;-0.800192
0.593509;-0.804828
0.587223;-0.809425
0.580886;-0.813985
0.574496;-0.818508
0.568049;-0.822995
0.561546;-0.827446
0.554983;-0.831862
0.548358;-0.836243
0.541671;-0.840591
0.534917;-0.844904
0.528096;-0.849185
0.521205;-0.853431
0.514242;-0.857645
0.507204;-0.861826
0.500089;-0.865974
0.492894;-0.870089
0.485617;-0.874171
0.478256;-0.87822
0.470808;-0.882236
0.463269;-0.886218
0.455638;-0.890165
0.447912;-0.894078
0.440087;-0.897955
0.43216;-0.901797
0.424129;-0.905602
0.415991;-0.909369
0.407742;-0.913097
0.39938;-0.916786
0.3909;-0.920433
0.3823;-0.924038
0.373576;-0.9276
0.364725;-0.931115
0.355743;-0.934584
0.346627;-0.938003
0.337374;-0.941371
0.327979;-0.944685
0.318439;-0.947944
0.30875;-0.951143
0.298909;-0.954282
0.288912;-0.957356
0.278755;-0.960362
0.268435;-0.963298
0.257947;-0.966159
0.247288;-0.968942
0.236455;-0.971643
0.225443;-0.974256
0.21425;-0.976779
0.202872;-0.979205
0.191305;-0.981531
0.179547;-0.983749
0.167594;-0.985856
0.155443;-0.987845
0.143093;-0.989709
0.13054;-0.991443
0.117781;-0.99304
0.104816;-0.994492
0.091642;-0.995792
0.078259;-0.996933
0.064665;-0.997907
0.050861;-0.998706
0.036845;-0.999321
0.022624;-0.999744
0.008342;-0.999965
-0.005914;-0.999983
-0.020133;-0.999797
-0.034302;-0.999412
-0.048411;-0.998828
-0.062448;-0.998048
-0.076404;-0.997077
-0.090267;-0.995918
-0.104028;-0.994574
-0.117678;-0.993052
-0.131207;-0.991355
-0.144608;-0.989489
-0.15787;-0.98746
-0.170989;-0.985273
-0.183956;-0.982935
-0.196765;-0.980451
-0.209411;-0.977828
-0.221888;-0.975072
-0.234191;-0.972191
-0.246316;-0.96919
-0.258259;-0.966076
-0.270018;-0.962855
-0.281588;-0.959535
-0.292969;-0.956122
-0.304159;-0.952621
-0.315155;-0.94904
-0.325958;-0.945384
-0.336566;-0.94166
-0.346979;-0.937873
-0.357199;-0.934028
-0.367224;-0.930133
-0.377057;-0.92619
-0.386698;-0.922207
-0.396147;-0.918187
-0.405407;-0.914136
-0.41448;-0.910058
-0.423368;-0.905958
-0.432072;-0.901839
-0.440595;-0.897706
-0.448941;-0.893562
-0.45711;-0.88941
-0.465106;-0.885255
-0.472933;-0.881098
-0.480591;-0.876945
-0.488085;-0.872796
-0.495417;-0.868655
-0.50259;-0.864525
-0.509607;-0.860407
-0.516472;-0.856304
-0.523188;-0.852218
-0.529756;-0.84815
-0.536182;-0.844103
-0.542467;-0.840077
-0.548615;-0.836075
-0.554628;-0.832098
-0.56051;-0.828148
-0.566263;-0.824225
-0.57189;-0.82033
-0.577395;-0.816465
-0.582779;-0.81263
-0.588047;-0.808827
-0.5932;-0.805055
-0.598242;-0.801316
-0.603174;-0.79761
-0.608;-0.793937
-0.612722;-0.790298
-0.617343;-0.786694
-0.621864;-0.783125
-0.626288;-0.779592
-0.630618;-0.776093
-0.634856;-0.77263
-0.639004;-0.769204
-0.643064;-0.765813
-0.647038;-0.762458
-0.650929;-0.759139
-0.654738;-0.755856
-0.658468;-0.752609
-0.662119;-0.749398
-0.665695;-0.746224
-0.669197;-0.743085
-0.672626;-0.739982
-0.675985;-0.736916
-0.679274;-0.733885
-0.682496;-0.730889
-0.685652;-0.727929
-0.688744;-0.725004
-0.691773;-0.722115
-0.694741;-0.71926
-0.697649;-0.71644
-0.700498;-0.713655
-0.70329;-0.710903
-0.706025;-0.708187
-0.708707;-0.705503
-0.711334;-0.702854
-0.713909;-0.700239
-0.716433;-0.697656
-0.718906;-0.695107
-0.721331;-0.692591
-0.723707;-0.690107
-0.726037;-0.687656
-0.72832;-0.685237
-0.730558;-0.682851
-0.732752;-0.680496
-0.734903;-0.678172
-0.737011;-0.67588
-0.739078;-0.67362
-0.741104;-0.67139
-0.74309;-0.669191
-0.745037;-0.667023
-0.746945;-0.664886
-0.748815;-0.662779
-0.750649;-0.660702
-0.752445;-0.658655
-0.754206;-0.656638
-0.755932;-0.65465
-0.757623;-0.652692
-0.75928;-0.650764
-0.760904;-0.648864
-0.762495;-0.646994
-0.764053;-0.645153
-0.76558;-0.643341
-0.767074;-0.641558
-0.768538;-0.639804
-0.769972;-0.638078
-0.771383;-0.636372
-0.772802;-0.634647
-0.774234;-0.6329
-0.775677;-0.63113
-0.777132;-0.629338
-0.778599;-0.627522
-0.780077;-0.625683
-0.781567;-0.623821
-0.783069;-0.621935
-0.784582;-0.620025
-0.786107;-0.61809
-0.787644;-0.616131
-0.789192;-0.614147
-0.790751;-0.612138
-0.792322;-0.610103
-0.793905;-0.608042
-0.795499;-0.605955
-0.797104;-0.603842
-0.798721;-0.601702
-0.800349;-0.599534
-0.801988;-0.59734
-0.803639;-0.595118
-0.8053;-0.592868
-0.806972;-0.590589
-0.808656;-0.588282
-0.81035;-0.585946
-0.812055;-0.58358
-0.813771;-0.581185
-0.815498;-0.57876
-0.817235;-0.576305
-0.818982;-0.573819
-0.82074;-0.571302
-0.822508;-0.568754
-0.824286;-0.566174
-0.826074;-0.563562
-0.827872;-0.560917
-0.829679;-0.55824
-0.831496;-0.55553
-0.833323;-0.552786
-0.835159;-0.550009
-0.837004;-0.547197
-0.838857;-0.544351
-0.84072;-0.54147
-0.842591;-0.538554
-0.844471;-0.535602
-0.846358;-0.532614
-0.848254;-0.52959
-0.850157;-0.526529
-0.852068;-0.52343
-0.853987;-0.520295
-0.855912;-0.517122
-0.857844;-0.51391
-0.859783;-0.51066
-0.861728;-0.507371
-0.863679;-0.504043
-0.865635;-0.500675
-0.867597;-0.497267
-0.869565;-0.493819
-0.871536;-0.490331
-0.873513;-0.486801
-0.875493;-0.48323
-0.877478;-0.479617
-0.879465;-0.475963
-0.881456;-0.472266
-0.88345;-0.468526
-0.885445;-0.464744
-0.887443;-0.460918
-0.889442;-0.457049
-0.891442;-0.453135
-0.893442;-0.449178
-0.895443;-0.445176
-0.897443;-0.44113
-0.899443;-0.437038
-0.901441;-0.432902
-0.903437;-0.42872
-0.905432;-0.424492
-0.907423;-0.420219
-0.909411;-0.415899
-0.911395;-0.411534
-0.913374;-0.407121
-0.915348;-0.402663
-0.917317;-0.398157
-0.91928;-0.393605
-0.921235;-0.389006
-0.923183;-0.38436
-0.925124;-0.379666
-0.927055;-0.374925
-0.928977;-0.370137
-0.930889;-0.365302
-0.93279;-0.36042
-0.93468;-0.35549
-0.936558;-0.350513
-0.938423;-0.345489
-0.940274;-0.340418
-0.942112;-0.3353
-0.943934;-0.330135
-0.94574;-0.324923
-0.947531;-0.319665
-0.949304;-0.314361
-0.951059;-0.30901
-0.952795;-0.303614
-0.954512;-0.298172
-0.956209;-0.292685
-0.957885;-0.287153
-0.959539;-0.281577
-0.96117;-0.275957
-0.962778;-0.270293
-0.964362;-0.264586
-0.965921;-0.258836
-0.967455;-0.253044
-0.968962;-0.247211
-0.970442;-0.241336
-0.971893;-0.235421
-0.973317;-0.229466
-0.97471;-0.223472
-0.976074;-0.21744
-0.977406;-0.21137
-0.978707;-0.205264
-0.979975;-0.199121
-0.98121;-0.192943
-0.982411;-0.18673
-0.983578;-0.180484
-0.984709;-0.174206
-0.985805;-0.167896
-0.986864;-0.161555
-0.987886;-0.155185
-0.988869;-0.148786
-0.989815;-0.142359
-0.990722;-0.135906
-0.991589;-0.12943
-0.992402;-0.123034
-0.993159;-0.116773
-0.99386;-0.110649
-0.994508;-0.104661
-0.995106;-0.098811
-0.995657;-0.093098
-0.996162;-0.087524
-0.996625;-0.082089
-0.997047;-0.076791
-0.997431;-0.071632
-0.997779;-0.066612
-0.998093;-0.061729
-0.998375;-0.056985
-0.998627;-0.052378
-0.998852;-0.047909
-0.99905;-0.043576
-0.999224;-0.03938
-0.999376;-0.03532
-0.999507;-0.031395
-0.999619;-0.027605
-0.999713;-0.023949
-0.999791;-0.020427
-0.999855;-0.017038
-0.999905;-0.01378
-0.999943;-0.010654
-0.999971;-0.00766
-0.999989;-0.004795
-0.999998;-0.00206
-1.0;0.000547
-0.999995;0.003025
-0.999986;0.005376
-0.999971;0.007601
-0.999953;0.009699
-0.999932;0.011672
-0.999909;0.01352
-0.999884;0.015244
-0.999858;0.016844
-0.999832;0.018322
-0.999806;0.019677
-0.999781;0.020911
-0.999757;0.022023
-0.999735;0.023014
-0.999715;0.023885
-0.999696;0.024636
-0.999681;0.025268
-0.999668;0.025781
-0.999657;0.026176
-0.99965;0.026452
-0.999646;0.02661
-0.999645;0.02665
-0.999647;0.026574
-0.999652;0.02638
-0.99966;0.026069
-0.999671;0.025642
-0.999685;0.025098
-0.999701;0.024438
-0.99972;0.023662
-0.999741;0.02277
-0.999763;0.021762
-0.999787;0.020639
-0.999812;0.019399
-0.999837;0.018044
-0.999863;0.016572
-0.999888;0.014986
-0.999912;0.013283
-0.999934;0.011465
-0.999955;0.009531
-0.999972;0.00748
-0.999986;0.005314
-0.999995;0.003032
-1.0;0.000634
-0.999998;-0.00188
-0.99999;-0.00451
-0.999974;-0.007257
-0.999949;-0.01012
-0.999914;-0.0131
-0.999869;-0.016196
-0.999812;-0.019409
-0.999741;-0.022738
-0.999657;-0.026184
-0.999557;-0.029746
-0.999441;-0.033425
-0.999307;-0.037221
-0.999154;-0.041133
-0.99898;-0.045162
-0.998784;-0.049307
-0.998564;-0.053568
-0.99832;-0.057945
-0.998049;-0.062437
-0.99775;-0.067045
-0.997421;-0.071768
-0.997061;-0.076606
-0.996669;-0.081557
-0.996241;-0.086623
-0.995777;-0.091801
-0.995275;-0.097091
-0.994734;-0.102493
-0.99415;-0.108006
-0.993523;-0.113628
-0.992851;-0.11936
-0.992132;-0.125199
-0.991363;-0.131144
-0.990544;-0.137195
-0.989672;-0.143349
-0.988746;-0.149606
-0.987763;-0.155963
-0.986722;-0.16242
-0.985621;-0.168974
-0.984458;-0.175623
-0.983231;-0.182365
-0.981939;-0.189198
-0.98058;-0.19612
-0.979152;-0.203128
-0.977654;-0.21022
-0.976084;-0.217394
-0.97444;-0.224646
-0.972722;-0.231973
-0.970928;-0.239374
-0.969055;-0.246843
-0.967105;-0.254379
-0.965074;-0.261978
-0.962962;-0.269636
-0.960768;-0.277352
-0.958492;-0.285119
-0.956133;-0.292934
-0.953689;-0.300794
-0.951161;-0.308695
-0.948548;-0.316634
-0.945874;-0.324535
-0.94316;-0.33234
-0.940407;-0.34005
-0.937618;-0.347668
-0.934792;-0.355195
-0.931931;-0.362635
-0.929036;-0.369989
-0.926107;-0.37726
-0.923146;-0.384449
-0.920153;-0.391558
-0.917129;-0.398591
-0.914074;-0.405548
-0.910989;-0.412431
-0.907874;-0.419243
-0.90473;-0.425986
-0.901556;-0.432661
-0.898355;-0.43927
-0.895125;-0.445815
-0.891867;-0.452298
-0.888581;-0.45872
-0.885267;-0.465084
-0.881925;-0.47139
-0.878555;-0.47764
-0.875158;-0.483837
-0.871733;-0.489981
-0.86828;-0.496074
-0.864799;-0.502119
-0.861289;-0.508115
-0.857752;-0.514064
-0.854186;-0.519968
-0.85059;-0.525829
-0.846966;-0.531647
-0.843312;-0.537425
-0.839628;-0.543162
-0.835914;-0.548861
-0.832169;-0.554523
-0.828392;-0.560149
-0.824584;-0.56574
-0.820744;-0.571297
-0.81687;-0.576821
-0.812964;-0.582315
-0.809023;-0.587778
-0.805047;-0.593211
-0.801036;-0.598616
-0.796988;-0.603995
-0.792904;-0.609346
-0.788782;-0.614673
-0.784621;-0.619975
-0.780421;-0.625254
-0.776181;-0.630511
-0.771899;-0.635745
-0.767575;-0.640959
-0.763208;-0.646153
-0.758796;-0.651328
-0.754339;-0.656485
-0.749836;-0.661624
-0.745285;-0.666746
-0.740686;-0.671851
-0.736036;-0.676942
-0.731336;-0.682017
-0.726583;-0.687079
-0.721776;-0.692127
-0.716914;-0.697162
-0.711995;-0.702184
-0.707019;-0.707195
-0.701983;-0.712194
-0.696885;-0.717183
-0.691725;-0.722161
-0.686501;-0.727128
-0.681211;-0.732087
-0.675854;-0.737036
-0.670427;-0.741976
-0.664928;-0.746907
-0.659357;-0.75183
-0.65371;-0.756745
-0.647987;-0.761651
-0.642185;-0.76655
-0.636301;-0.771441
-0.630334;-0.776324
-0.624283;-0.781199
-0.618143;-0.786066
-0.611913;-0.790925
-0.605592;-0.795776
-0.599175;-0.800618
-0.592662;-0.805451
-0.586049;-0.810276
-0.579333;-0.815091
-0.572513;-0.819895
-0.565586;-0.824689
-0.558548;-0.829472
-0.551398;-0.834243
-0.544131;-0.839
-0.536746;-0.843744
-0.529239;-0.848473
-0.521607;-0.853186
-0.513848;-0.857881
-0.505958;-0.862558
-0.497933;-0.867215
-0.489772;-0.871851
-0.48147;-0.876462
-0.473025;-0.881049
-0.464433;-0.885608
-0.455691;-0.890138
-0.446795;-0.894636
-0.437743;-0.8991
-0.428531;-0.903527
-0.419155;-0.907915
-0.409614;-0.912259
-0.399902;-0.916558
-0.390017;-0.920808
-0.379957;-0.925004
-0.369717;-0.929145
-0.359295;-0.933224
-0.348688;-0.937239
-0.337894;-0.941184
-0.326909;-0.945056
-0.315732;-0.948848
-0.304359;-0.952557
-0.29279;-0.956177
-0.281023;-0.959701
-0.269054;-0.963125
-0.256884;-0.966442
-0.244511;-0.969647
-0.231934;-0.972732
-0.219154;-0.97569
-0.20617;-0.978516
-0.192983;-0.981202
-0.179597;-0.98374
-0.166178;-0.986096
-0.152825;-0.988253
-0.139551;-0.990215
-0.126368;-0.991983
-0.113289;-0.993562
-0.100324;-0.994955
-0.087486;-0.996166
-0.074785;-0.9972
-0.06223;-0.998062
-0.049831;-0.998758
-0.037595;-0.999293
-0.025532;-0.999674
-0.013649;-0.999907
-0.00195;-0.999998
0.009556;-0.999954
0.020865;-0.999782
0.031972;-0.999489
0.042874;-0.99908
0.053567;-0.998564
0.064047;-0.997947
0.074314;-0.997235
0.084364;-0.996435
0.094197;-0.995554
0.103811;-0.994597
0.113207;-0.993571
0.122383;-0.992483
0.131341;-0.991337
0.140082;-0.99014
0.148606;-0.988897
0.156914;-0.987612
0.165008;-0.986292
0.172891;-0.984941
0.180563;-0.983563
0.188027;-0.982164
0.195284;-0.980747
0.202339;-0.979316
0.209192;-0.977875
0.215848;-0.976427
0.222308;-0.974977
0.228575;-0.973526
0.234653;-0.972079
0.240544;-0.970638
0.246251;-0.969206
0.251777;-0.967785
0.257124;-0.966378
0.262297;-0.964987
0.267297;-0.963614
0.272127;-0.962261
0.276791;-0.96093
0.281292;-0.959622
0.285631;-0.95834
0.289812;-0.957083
0.293838;-0.955855
0.29771;-0.954656
0.301432;-0.953488
0.305006;-0.952351
0.308434;-0.951246
0.311719;-0.950174
0.314863;-0.949137
0.317869;-0.948135
0.320737;-0.947168
0.323472;-0.946238
0.326074;-0.945344
0.328545;-0.944488
0.330888;-0.94367
0.333103;-0.94289
0.335194;-0.942149
0.337161;-0.941447
0.339006;-0.940784
0.34073;-0.940161
0.342336;-0.939578
0.343823;-0.939034
0.345195;-0.938531
0.346451;-0.938068
0.347593;-0.937646
0.348622;-0.937264
0.349538;-0.936922
0.350344;-0.936621
0.35104;-0.93636
0.351626;-0.93614
0.352104;-0.935961
0.352474;-0.935822
0.352736;-0.935723
0.352892;-0.935664
0.352942;-0.935645
0.352885;-0.935667
0.352723;-0.935728
0.352456;-0.935828
0.352084;-0.935968
0.351608;-0.936147
0.351027;-0.936365
0.350341;-0.936622
0.349551;-0.936917
0.348657;-0.93725
0.347658;-0.937621
0.346555;-0.93803
0.345346;-0.938475
0.344033;-0.938957
0.342615;-0.939476
0.34109;-0.940031
0.33946;-0.940621
0.337723;-0.941245
0.335879;-0.941905
0.333928;-0.942598
0.331869;-0.943325
0.329702;-0.944085
0.327425;-0.944877
0.325038;-0.945701
0.32254;-0.946556
0.319931;-0.947441
0.31721;-0.948355
0.314375;-0.949299
0.311427;-0.95027
0.308364;-0.951269
0.305185;-0.952293
0.301889;-0.953343
0.298475;-0.954417
0.294943;-0.955515
0.291291;-0.956634
0.287518;-0.957775
0.283623;-0.958936
0.279605;-0.960115
0.275463;-0.961312
0.271196;-0.962524
0.266802;-0.963751
0.262281;-0.964991
0.257632;-0.966243
0.252853;-0.967505
0.247943;-0.968775
0.242954;-0.970038
0.23803;-0.971258
0.233179;-0.972434
0.228404;-0.973567
0.223704;-0.974657
0.219081;-0.975707
0.214536;-0.976716
0.21007;-0.977686
0.205683;-0.978619
0.201377;-0.979514
0.197151;-0.980373
0.193007;-0.981197
0.188945;-0.981988
0.184966;-0.982745
0.18107;-0.98347
0.177259;-0.984164
0.173532;-0.984828
0.169889;-0.985463
0.166333;-0.98607
0.162862;-0.986649
0.159477;-0.987202
0.15618;-0.987729
0.152969;-0.988231
0.149845;-0.988709
0.14681;-0.989165
0.143862;-0.989598
0.141003;-0.990009
0.138232;-0.9904
0.135551;-0.99077
0.132958;-0.991122
0.130455;-0.991454
0.128042;-0.991769
0.125719;-0.992066
0.123486;-0.992346
0.121343;-0.992611
0.119291;-0.992859
0.11733;-0.993093
0.11546;-0.993312
0.113682;-0.993517
0.111995;-0.993709
0.1104;-0.993887
0.108897;-0.994053
0.107487;-0.994206
0.106169;-0.994348
0.104945;-0.994478
0.103813;-0.994597
0.102775;-0.994705
0.101831;-0.994802
0.100981;-0.994888
0.100225;-0.994965
0.099565;-0.995031
0.098999;-0.995088
0.098528;-0.995134
0.098154;-0.995171
0.097876;-0.995199
0.097694;-0.995216
0.097609;-0.995225
0.097622;-0.995224
0.097733;-0.995213
0.097942;-0.995192
0.09825;-0.995162
0.098657;-0.995122
0.099164;-0.995071
0.099771;-0.99501
0.100479;-0.994939
0.101289;-0.994857
0.1022;-0.994764
0.103214;-0.994659
0.104331;-0.994543
0.105552;-0.994414
0.106877;-0.994272
0.108308;-0.994117
0.109843;-0.993949
0.111486;-0.993766
0.113235;-0.993568
0.115092;-0.993355
0.117057;-0.993125
0.119131;-0.992879
0.121315;-0.992614
0.123609;-0.992331
0.126015;-0.992028
0.128532;-0.991705
0.131162;-0.991361
0.133905;-0.990994
0.136763;-0.990604
0.139734;-0.990189
0.142822;-0.989748
0.146025;-0.989281
0.149345;-0.988785
0.152782;-0.98826
0.156338;-0.987704
0.160012;-0.987115
0.163805;-0.986493
0.167718;-0.985835
0.171751;-0.98514
0.175904;-0.984407
0.180179;-0.983634
0.184575;-0.982818
0.189094;-0.981959
0.193734;-0.981054
0.198496;-0.980102
0.203381;-0.9791
0.208388;-0.978046
0.213518;-0.976939
0.21877;-0.975776
0.224144;-0.974556
0.229641;-0.973275
0.235258;-0.971933
0.240997;-0.970526
0.246856;-0.969052
0.252835;-0.967509
0.258933;-0.965895
0.265148;-0.964208
0.27148;-0.962444
0.277928;-0.960602
0.284489;-0.958679
0.291163;-0.956673
0.297947;-0.954582
0.304841;-0.952403
0.31184;-0.950134
0.318945;-0.947773
0.326151;-0.945318
0.333456;-0.942766
0.340858;-0.940115
0.348354;-0.937363
0.35594;-0.934509
0.363612;-0.93155
0.371368;-0.928486
0.379204;-0.925313
0.387085;-0.922044
0.394891;-0.918728
0.402609;-0.915372
0.410238;-0.911979
0.417778;-0.908549
0.425227;-0.905087
0.432587;-0.901592
0.439855;-0.898069
0.447032;-0.894518
0.454118;-0.890942
0.461112;-0.887342
0.468014;-0.883721
0.474825;-0.88008
0.481545;-0.876421
0.488173;-0.872747
0.49471;-0.869058
0.501156;-0.865357
0.507512;-0.861645
0.513778;-0.857923
0.519955;-0.854194
0.526042;-0.850458
0.532041;-0.846719
0.537952;-0.842976
0.543775;-0.839231
0.549513;-0.835485
0.555164;-0.831741
0.560731;-0.827998
0.566214;-0.824258
0.571613;-0.820523
0.57693;-0.816793
0.582166;-0.81307
0.58732;-0.809355
0.592396;-0.805647
0.597392;-0.801949
0.602311;-0.798262
0.607152;-0.794586
0.611918;-0.790922
0.616608;-0.78727
0.621225;-0.783632
0.625769;-0.780009
0.630241;-0.7764
0.634642;-0.772806
0.638973;-0.769229
0.643236;-0.765668
0.64743;-0.762125
0.651558;-0.758599
0.655621;-0.755091
0.659618;-0.751601
0.663551;-0.748131
0.667422;-0.74468
0.67123;-0.741249
0.674978;-0.737838
0.678666;-0.734447
0.682295;-0.731077
0.685866;-0.727728
0.68938;-0.7244
0.692838;-0.721093
0.696241;-0.717808
0.69959;-0.714544
0.702885;-0.711303
0.706129;-0.708084
0.70932;-0.704886
0.712462;-0.701711
0.715553;-0.698559
0.718595;-0.695429
0.721589;-0.692322
0.724536;-0.689237
0.727436;-0.686175
0.730291;-0.683136
0.733101;-0.68012
0.735867;-0.677126
0.738589;-0.674156
0.741269;-0.671208
0.743907;-0.668283
0.746505;-0.66538
0.749061;-0.662501
0.751578;-0.659644
0.754056;-0.65681
0.756497;-0.653998
0.758899;-0.651209
0.761264;-0.648442
0.763593;-0.645698
0.765886;-0.642977
0.768144;-0.640278
0.770367;-0.6376
0.772557;-0.634945
0.774713;-0.632313
0.776837;-0.629702
0.778929;-0.627113
0.780989;-0.624545
0.783018;-0.622
0.785016;-0.619475
0.786985;-0.616973
0.788923;-0.614491
0.790833;-0.612031
0.792715;-0.609592
0.794568;-0.607175
0.796395;-0.604777
0.798194;-0.602401
0.799966;-0.600045
0.801712;-0.59771
0.803432;-0.595396
0.805128;-0.593102
0.806798;-0.590828
0.808443;-0.588574
0.810065;-0.58634
0.811663;-0.584126
0.813238;-0.581932
0.814789;-0.579757
0.816319;-0.577602
0.817826;-0.575466
0.819311;-0.57335
0.820774;-0.571253
0.822217;-0.569174
0.823639;-0.567115
0.82504;-0.565075
0.826421;-0.563053
0.827782;-0.56105
0.829124;-0.559065
0.830446;-0.557099
0.83175;-0.555151
0.833034;-0.553221
0.834301;-0.55131
0.835549;-0.549416
0.836779;-0.547541
0.837992;-0.545683
0.839184;-0.543847
0.840341;-0.542058
0.84146;-0.540319
0.842542;-0.538631
0.843587;-0.536992
0.844596;-0.535405
0.845568;-0.533868
0.846504;-0.532383
0.847404;-0.530949
0.848268;-0.529567
0.849097;-0.528237
0.849891;-0.526959
0.850649;-0.525734
0.851373;-0.524561
0.852062;-0.523441
0.852716;-0.522374
0.853336;-0.521361
0.853922;-0.520401
0.854474;-0.519495
0.854991;-0.518643
0.855474;-0.517845
0.855924;-0.517102
0.856339;-0.516414
0.856721;-0.51578
0.857069;-0.515202
0.857383;-0.514679
0.857663;-0.514211
0.85791;-0.5138
0.858123;-0.513445
0.858301;-0.513146
0.858446;-0.512904
0.858557;-0.512718
0.858634;-0.51259
0.858676;-0.512519
0.858684;-0.512506
0.858657;-0.51255
0.858596;-0.512653
0.8585;-0.512814
0.858368;-0.513034
0.858202;-0.513313
0.857999;-0.513651
0.857761;-0.514048
0.857487;-0.514505
0.857177;-0.515023
0.856829;-0.5156
0.856445;-0.516238
0.856023;-0.516938
0.855564;-0.517698
0.855066;-0.51852
0.854529;-0.519403
0.853954;-0.520349
0.853339;-0.521357
0.852684;-0.522428
0.851988;-0.523561
0.851251;-0.524758
0.850473;-0.526019
0.849652;-0.527343
0.848789;-0.528732
0.847882;-0.530184
0.846931;-0.531702
0.845936;-0.533285
0.844895;-0.534933
0.843807;-0.536646
0.842673;-0.538426
0.841491;-0.540271
0.84026;-0.542183
0.83898;-0.544162
0.83765;-0.546207
0.836269;-0.548319
0.834836;-0.550499
0.833349;-0.552747
0.831809;-0.555062
0.830214;-0.557444
0.828563;-0.559895
0.826855;-0.562415
0.82509;-0.565002
0.823265;-0.567658
0.821379;-0.570382
0.819433;-0.573175
0.817424;-0.576037
0.815351;-0.578967
0.813213;-0.581966
0.811009;-0.585033
0.808738;-0.588169
0.806398;-0.591373
0.803988;-0.594645
0.801507;-0.597986
0.798953;-0.601394
0.796325;-0.604869
0.793622;-0.608411
0.790842;-0.61202
0.787984;-0.615696
0.785046;-0.619437
0.782028;-0.623244
0.778927;-0.627115
0.775742;-0.63105
0.772473;-0.635048
0.769116;-0.639109
0.765672;-0.643231
0.762139;-0.647414
0.758514;-0.651656
0.754798;-0.655957
0.750988;-0.660316
0.747084;-0.66473
0.743083;-0.669199
0.738985;-0.673722
0.734789;-0.678296
0.730492;-0.682921
0.726095;-0.687594
0.721596;-0.692314
0.716994;-0.697079
0.712289;-0.701887
0.707478;-0.706735
0.702562;-0.711623
0.697539;-0.716547
0.692409;-0.721505
0.687172;-0.726495
0.681827;-0.731514
0.676373;-0.736559
0.670811;-0.741629
0.665139;-0.746719
0.659359;-0.751828
0.653473;-0.75695
0.647548;-0.762024
0.641619;-0.767023
0.635687;-0.771947
0.629755;-0.776794
0.623823;-0.781566
0.617894;-0.786261
0.611971;-0.79088
0.606054;-0.795423
0.600146;-0.799891
0.594248;-0.804282
0.588362;-0.808598
0.58249;-0.812838
0.576633;-0.817003
0.570793;-0.821094
0.564972;-0.82511
0.55917;-0.829053
0.55339;-0.832923
0.547632;-0.836719
0.541898;-0.840444
0.53619;-0.844097
0.530509;-0.847679
0.524855;-0.851192
0.51923;-0.854635
0.513634;-0.858009
0.50807;-0.861316
0.502539;-0.864555
0.49704;-0.867728
0.491575;-0.870835
0.486145;-0.873878
0.48075;-0.876858
0.475392;-0.879774
0.470071;-0.882629
0.464787;-0.885422
0.459542;-0.888156
0.454336;-0.890831
0.449169;-0.893447
0.444042;-0.896006
0.438955;-0.898509
0.433909;-0.900957
0.428904;-0.90335
0.423941;-0.90569
0.41902;-0.907977
0.414141;-0.910213
0.409305;-0.912398
0.404512;-0.914533
0.399761;-0.916619
0.395054;-0.918658
0.390389;-0.92065
0.385769;-0.922595
0.381192;-0.924496
0.376658;-0.926352
0.372168;-0.928166
0.367721;-0.929936
0.363318;-0.931665
0.358959;-0.933353
0.354643;-0.935002
0.35037;-0.936611
0.346142;-0.938182
0.341956;-0.939716
0.337814;-0.941213
0.333715;-0.942674
0.329659;-0.9441
0.325646;-0.945492
0.321676;-0.94685
0.317749;-0.948175
0.313863;-0.949468
0.31002;-0.95073
0.306219;-0.951961
0.30246;-0.953162
0.298742;-0.954334
0.295066;-0.955477
0.291431;-0.956592
0.287836;-0.95768
0.284282;-0.958741
0.280769;-0.959775
0.277296;-0.960785
0.273862;-0.961769
0.270469;-0.962729
0.267114;-0.963665
0.263799;-0.964578
0.260523;-0.965468
0.257285;-0.966336
0.254085;-0.967182
0.250924;-0.968007
0.2478;-0.968811
0.244713;-0.969595
0.241664;-0.97036
0.238651;-0.971105
0.235675;-0.971832
0.232736;-0.97254
0.229832;-0.97323
0.226964;-0.973903
0.224131;-0.974559
0.221333;-0.975198
0.218571;-0.975821
0.215843;-0.976428
0.213149;-0.97702
0.210489;-0.977596
0.207863;-0.978158
0.20527;-0.978705
0.202711;-0.979239
0.200184;-0.979758
0.19769;-0.980265
0.195229;-0.980758
0.192799;-0.981238
0.190402;-0.981706
0.188036;-0.982162
0.185701;-0.982606
0.183397;-0.983039
0.181124;-0.98346
0.178882;-0.983871
0.17667;-0.98427
0.174488;-0.984659
0.172335;-0.985038
0.170212;-0.985407
0.168119;-0.985767
0.166055;-0.986116
0.16402;-0.986457
0.162013;-0.986789
0.160035;-0.987111
0.158084;-0.987426
0.156162;-0.987731
0.154268;-0.988029
0.152401;-0.988319
0.150561;-0.988601
0.148749;-0.988875
0.146963;-0.989142
0.145205;-0.989402
0.143473;-0.989654
0.141767;-0.9899
0.140087;-0.990139
0.138402;-0.990376
0.13668;-0.990615
0.134919;-0.990857
0.133118;-0.9911
0.131279;-0.991345
0.1294;-0.991592
0.127481;-0.991841
0.125523;-0.992091
0.123524;-0.992342
0.121484;-0.992593
0.119403;-0.992846
0.117281;-0.993099
0.115117;-0.993352
0.112911;-0.993605
0.110662;-0.993858
0.10837;-0.994111
0.106034;-0.994362
0.103655;-0.994613
0.101231;-0.994863
0.098762;-0.995111
0.096248;-0.995357
0.093688;-0.995602
0.091081;-0.995843
0.088427;-0.996083
0.085726;-0.996319
0.082976;-0.996552
0.080177;-0.996781
0.077329;-0.997006
0.074431;-0.997226
0.071481;-0.997442
0.06848;-0.997652
0.065427;-0.997857
0.062321;-0.998056
0.059161;-0.998248
0.055947;-0.998434
0.052677;-0.998612
0.049352;-0.998781
0.045969;-0.998943
0.042529;-0.999095
0.03903;-0.999238
0.035471;-0.999371
0.031853;-0.999493
0.028173;-0.999603
0.02443;-0.999702
0.020625;-0.999787
0.016755;-0.99986
0.012821;-0.999918
0.00882;-0.999961
0.004752;-0.999989
0.000616;-1.0
-0.003589;-0.999994
-0.007865;-0.999969
-0.012212;-0.999925
-0.016632;-0.999862
-0.021125;-0.999777
-0.025693;-0.99967
-0.030337;-0.99954
-0.035058;-0.999385
-0.039858;-0.999205
-0.044737;-0.998999
-0.049697;-0.998764
-0.054738;-0.998501
-0.059863;-0.998207
-0.065072;-0.997881
-0.070367;-0.997521
-0.075748;-0.997127
-0.081218;-0.996696
-0.086777;-0.996228
-0.092427;-0.995719
-0.098169;-0.99517
-0.104003;-0.994577
-0.109932;-0.993939
-0.115956;-0.993254
-0.122077;-0.992521
-0.128296;-0.991736
-0.134614;-0.990898
-0.141031;-0.990005
-0.14755;-0.989055
-0.154171;-0.988044
-0.160895;-0.986972
-0.167724;-0.985834
-0.174657;-0.984629
-0.181696;-0.983355
-0.188842;-0.982007
-0.196096;-0.980585
-0.203457;-0.979084
-0.210927;-0.977502
-0.218506;-0.975836
-0.226194;-0.974082
-0.233992;-0.972239
-0.241899;-0.970301
-0.249917;-0.968267
-0.258043;-0.966133
-0.266279;-0.963896
-0.274624;-0.961552
-0.283077;-0.959097
-0.291638;-0.956529
-0.300305;-0.953843
-0.309078;-0.951037
-0.317954;-0.948106
-0.326933;-0.945047
-0.336013;-0.941857
-0.345191;-0.938532
-0.354466;-0.935069
-0.363835;-0.931463
-0.373295;-0.927713
-0.382842;-0.923814
-0.392475;-0.919763
-0.402189;-0.915557
-0.41198;-0.911193
-0.421845;-0.906668
-0.431778;-0.90198
-0.441776;-0.897125
-0.451833;-0.892103
-0.461943;-0.886909
-0.472102;-0.881544
-0.482304;-0.876004
-0.492541;-0.870289
-0.502809;-0.864397
-0.513101;-0.858328
-0.523408;-0.852082
-0.533726;-0.845657
-0.544046;-0.839055
-0.554361;-0.832276
-0.564663;-0.825321
-0.574946;-0.818192
-0.5852;-0.810889
-0.595418;-0.803416
-0.605593;-0.795774
-0.615716;-0.787968
-0.62578;-0.78
-0.635776;-0.771873
-0.645669;-0.763618
-0.65536;-0.755317
-0.664846;-0.746981
-0.674128;-0.738615
-0.683208;-0.730224
-0.692089;-0.721812
-0.700773;-0.713384
-0.709263;-0.704944
-0.717562;-0.696495
-0.725672;-0.688041
-0.733596;-0.679586
-0.741339;-0.671131
-0.748902;-0.662681
-0.756289;-0.654238
-0.763504;-0.645803
-0.770548;-0.637381
-0.777427;-0.628973
-0.784142;-0.620581
-0.790698;-0.612207
-0.797097;-0.603852
-0.803343;-0.595517
-0.809439;-0.587205
-0.815388;-0.578915
-0.821194;-0.570649
-0.826859;-0.562409
-0.832387;-0.554195
-0.83778;-0.546007
-0.843042;-0.537847
-0.848176;-0.529715
-0.853184;-0.52161
-0.858069;-0.513534
-0.862835;-0.505486
-0.867483;-0.497467
-0.872017;-0.489476
-0.876438;-0.481515
-0.88075;-0.473581
-0.884955;-0.465677
-0.889055;-0.4578
-0.893053;-0.449952
-0.896951;-0.442131
-0.90075;-0.434337
-0.904454;-0.42657
-0.908065;-0.41883
-0.911583;-0.411115
-0.915013;-0.403425
-0.918354;-0.395761
-0.921609;-0.388121
-0.924779;-0.380504
-0.927867;-0.372911
-0.930874;-0.36534
-0.933802;-0.35779
-0.936652;-0.350262
-0.939425;-0.342753
-0.942124;-0.335265
-0.944749;-0.327794
-0.947302;-0.320342
-0.949784;-0.312907
-0.952196;-0.305488
-0.954539;-0.298085
-0.956815;-0.290697
-0.959024;-0.283324
-0.961168;-0.275963
-0.963248;-0.268615
-0.965264;-0.261278
-0.967217;-0.253952
-0.969108;-0.246635
-0.970939;-0.239328
-0.972709;-0.232029
-0.97442;-0.224737
-0.976071;-0.217451
-0.977665;-0.21017
-0.9792;-0.202895
-0.980679;-0.195624
-0.982101;-0.188356
-0.983467;-0.18109
-0.984776;-0.173826
-0.986031;-0.166561
-0.987231;-0.159297
-0.988376;-0.152031
-0.989466;-0.144763
-0.990503;-0.137493
-0.991485;-0.130218
-0.992414;-0.122939
-0.993289;-0.115655
-0.994111;-0.108365
-0.99488;-0.101066
-0.995595;-0.093761
-0.996256;-0.086447
-0.996865;-0.079124
-0.99742;-0.07179
-0.997921;-0.064445
-0.998369;-0.057089
-0.998763;-0.04972
-0.999103;-0.042338
-0.999389;-0.034942
-0.999621;-0.02753
-0.999798;-0.020104
-0.99992;-0.012661
-0.999986;-0.005201
-0.999997;0.002277
-0.999952;0.009773
-0.999851;0.017288
-0.999692;0.024823
-0.999476;0.032378
-0.999202;0.039954
-0.998869;0.047552
-0.998477;0.055172
-0.998025;0.062815
-0.997513;0.070481
-0.99694;0.078172
-0.996305;0.085886
-0.995607;0.093626
-0.994847;0.101391
-0.994022;0.109182
-0.993132;0.117
-0.992176;0.124844
-0.991154;0.132715
-0.990064;0.140614
-0.988906;0.148541
-0.987679;0.156496
-0.986381;0.164479
-0.985011;0.172491
-0.983569;0.180532
-0.982054;0.188602
-0.980464;0.196701
-0.978798;0.204829
-0.977055;0.212987
-0.975234;0.221174
-0.973335;0.22939
-0.971354;0.237635
-0.969293;0.24591
-0.967148;0.254213
-0.96492;0.262545
-0.962606;0.270905
-0.960234;0.279196
-0.957831;0.287333
-0.955399;0.295317
-0.952944;0.303146
-0.950469;0.310819
-0.947977;0.318338
-0.945473;0.3257
-0.942959;0.332908
-0.94044;0.33996
-0.937918;0.346857
-0.935397;0.3536
-0.932879;0.360189
-0.930369;0.366625
-0.927868;0.372909
-0.92538;0.379042
-0.922907;0.385024
-0.920451;0.390857
-0.918017;0.396542
-0.915605;0.402079
-0.913218;0.407471
-0.910859;0.412718
-0.908529;0.417822
-0.906231;0.422783
-0.903966;0.427604
-0.901737;0.432286
-0.899544;0.436829
-0.897391;0.441236
-0.895279;0.445507
-0.893208;0.449643
-0.891182;0.453647
-0.8892;0.457519
-0.887265;0.46126
-0.885378;0.464872
-0.88354;0.468356
-0.881753;0.471712
-0.880017;0.474942
-0.878334;0.478048
-0.876705;0.481029
-0.87513;0.483887
-0.873612;0.486623
-0.872151;0.489237
-0.870748;0.49173
-0.869403;0.494103
-0.868119;0.496357
-0.866895;0.498491
-0.865732;0.500507
-0.864632;0.502405
-0.863596;0.504185
-0.862623;0.505847
-0.861715;0.507392
-0.860873;0.508819
-0.860098;0.510129
-0.859389;0.511322
-0.858749;0.512396
-0.858178;0.513353
-0.857676;0.514191
-0.857244;0.51491
-0.856884;0.515509
-0.856596;0.515988
-0.85638;0.516347
-0.856237;0.516583
-0.856169;0.516696
-0.856176;0.516684
-0.856258;0.516548
-0.856417;0.516284
-0.856654;0.515892
-0.856968;0.515369
-0.857361;0.514715
-0.857834;0.513926
-0.858388;0.513001
-0.859022;0.511938
-0.859739;0.510734
-0.860538;0.509386
-0.861421;0.507892
-0.862388;0.506248
-0.86344;0.504452
-0.864578;0.502499
-0.865802;0.500387
-0.867113;0.498112
-0.868511;0.495669
-0.869998;0.493055
-0.871574;0.490264
-0.873239;0.487293
-0.874993;0.484135
-0.876838;0.480786
-0.878772;0.477241
-0.880797;0.473493
-0.882913;0.469537
-0.885118;0.465366
-0.887414;0.460974
-0.889799;0.456352
-0.892273;0.451495
-0.894836;0.446395
-0.897486;0.441044
-0.900221;0.435433
-0.903041;0.429554
-0.905943;0.423399
-0.908926;0.416957
-0.911986;0.410222
-0.915121;0.40318
-0.918327;0.395824
-0.921599;0.388142
-0.924935;0.380126
-0.928328;0.371763
-0.931772;0.363044
-0.935261;0.353958
-0.938789;0.344494
-0.942345;0.334643
-0.945923;0.324391
-0.949512;0.31373
-0.953102;0.302649
-0.95668;0.29114
-0.960235;0.279194
-0.963751;0.266802
-0.967215;0.253958
-0.970611;0.240655
-0.973921;0.226888
-0.977127;0.212656
-0.980211;0.197954
-0.983153;0.182783
-0.985932;0.167147
-0.988526;0.151049
-0.990914;0.134497
-0.993073;0.117501
-0.99498;0.100073
-0.996614;0.082228
-0.997951;0.063987
-0.99897;0.04537
-0.999651;0.026402
-0.999975;0.007112
-0.999925;-0.012248
-0.99951;-0.031307
-0.998747;-0.050038
-0.997657;-0.068415
-0.996259;-0.086418
-0.994574;-0.10403
-0.992624;-0.121235
-0.99043;-0.138019
-0.988012;-0.154376
-0.985393;-0.170296
-0.982592;-0.185776
-0.97963;-0.200813
-0.976525;-0.215406
-0.973296;-0.229555
-0.96996;-0.243265
-0.966534;-0.256537
-0.963034;-0.26938
-0.959474;-0.281798
-0.955867;-0.293799
-0.952227;-0.305391
-0.948565;-0.316582
-0.944892;-0.327381
-0.941218;-0.337799
-0.937552;-0.347844
-0.933903;-0.357527
-0.930276;-0.366859
-0.926681;-0.375848
-0.923123;-0.384506
-0.919606;-0.392841
-0.916137;-0.400864
-0.91272;-0.408586
-0.909358;-0.416014
-0.906055;-0.423159
-0.902814;-0.43003
-0.899638;-0.436636
-0.896529;-0.442984
-0.893489;-0.449085
-0.89052;-0.454944
-0.887622;-0.460572
-0.884798;-0.465974
-0.882049;-0.471159
-0.879374;-0.476133
-0.876774;-0.480902
-0.874251;-0.485474
-0.871805;-0.489854
-0.869435;-0.494048
-0.867141;-0.498062
-0.864925;-0.501902
-0.862784;-0.505572
-0.860721;-0.509078
-0.858733;-0.512424
-0.856821;-0.515614
-0.854985;-0.518653
-0.853224;-0.521545
-0.851537;-0.524295
-0.849925;-0.526904
-0.848386;-0.529378
-0.846921;-0.531719
-0.845529;-0.53393
-0.844208;-0.536015
-0.84296;-0.537977
-0.841783;-0.539817
-0.840676;-0.541539
-0.839639;-0.543144
-0.838672;-0.544636
-0.837775;-0.546016
-0.836945;-0.547286
-0.836184;-0.548449
-0.835491;-0.549505
-0.834864;-0.550456
-0.834304;-0.551305
-0.83381;-0.552052
-0.833382;-0.552698
-0.833018;-0.553245
-0.83272;-0.553694
-0.832486;-0.554046
-0.832316;-0.554301
-0.832209;-0.554461
-0.832166;-0.554526
-0.832185;-0.554497
-0.832267;-0.554374
-0.832411;-0.554158
-0.832617;-0.553849
-0.832884;-0.553447
-0.833212;-0.552953
-0.833602;-0.552366
-0.834051;-0.551687
-0.834561;-0.550915
-0.835131;-0.550051
-0.835761;-0.549094
-0.83645;-0.548044
-0.837198;-0.5469
-0.838005;-0.545662
-0.838872;-0.544329
-0.839796;-0.542902
-0.840779;-0.541379
-0.84182;-0.539759
-0.842919;-0.538041
-0.844075;-0.536225
-0.845288;-0.53431
-0.846559;-0.532295
-0.847886;-0.530178
-0.84927;-0.527958
-0.85071;-0.525635
-0.852207;-0.523206
-0.853758;-0.52067
-0.855365;-0.518025
-0.857027;-0.515271
-0.858744;-0.512405
-0.860514;-0.509426
-0.862339;-0.506332
-0.864216;-0.50312
-0.866147;-0.49979
-0.868129;-0.496338
-0.870164;-0.492763
-0.872249;-0.489063
-0.874384;-0.485234
-0.876569;-0.481276
-0.878803;-0.477186
-0.881084;-0.47296
-0.883412;-0.468597
-0.885786;-0.464093
-0.888205;-0.459447
-0.890667;-0.454655
-0.893172;-0.449715
-0.895717;-0.444624
-0.898302;-0.439378
-0.900925;-0.433976
-0.903583;-0.428413
-0.906265;-0.422709
-0.90892;-0.41697
-0.911541;-0.411209
-0.914128;-0.405427
-0.916679;-0.399625
-0.919195;-0.393803
-0.921675;-0.387964
-0.924118;-0.382107
-0.926525;-0.376233
-0.928895;-0.370343
-0.931227;-0.364439
-0.933522;-0.35852
-0.935779;-0.352588
-0.937997;-0.346643
-0.940177;-0.340687
-0.942317;-0.334721
-0.944419;-0.328745
-0.946481;-0.32276
-0.948504;-0.316766
-0.950486;-0.310766
-0.952429;-0.30476
-0.954332;-0.298748
-0.956195;-0.292732
-0.958017;-0.286712
-0.959798;-0.28069
-0.96154;-0.274666
-0.96324;-0.268641
-0.964901;-0.262616
-0.96652;-0.256591
-0.968099;-0.250568
-0.969637;-0.244548
-0.971135;-0.238531
-0.972592;-0.232519
-0.974009;-0.226511
-0.975385;-0.220509
-0.976721;-0.214513
-0.978017;-0.208525
-0.979273;-0.202545
-0.980489;-0.196574
-0.981665;-0.190613
-0.982802;-0.184662
-0.9839;-0.178723
-0.984958;-0.172795
-0.985977;-0.166879
-0.986958;-0.160977
-0.9879;-0.155089
-0.988805;-0.149216
-0.989671;-0.143357
-0.9905;-0.137515
-0.991291;-0.131689
-0.992045;-0.12588
-0.992763;-0.120089
-0.993444;-0.114316
-0.99409;-0.108562
-0.994699;-0.102828
-0.995273;-0.097113
-0.995813;-0.091418
-0.996317;-0.085745
-0.996787;-0.080093
-0.997224;-0.074462
-0.997627;-0.068854
-0.997997;-0.063269
-0.998334;-0.057707
-0.998638;-0.052168
-0.998911;-0.046653
-0.999152;-0.041162
-0.999363;-0.035696
-0.999542;-0.030255
-0.999691;-0.024839
-0.999811;-0.019449
-0.999901;-0.014085
-0.999962;-0.008747
-0.999994;-0.003435
-0.999998;0.00185
-0.999975;0.007109
-0.999924;0.01234
-0.999846;0.017544
-0.999742;0.02272
-0.999612;0.027869
-0.999456;0.03299
-0.999275;0.038083
-0.999069;0.043148
-0.998838;0.048184
-0.998584;0.053192
-0.998307;0.058172
-0.998006;0.063123
-0.997682;0.068046
-0.997336;0.072939
-0.996969;0.077804
-0.996579;0.08264
-0.996169;0.087447
-0.995738;0.092226
-0.995287;0.096975
-0.994816;0.101695
-0.994325;0.106387
-0.993815;0.11105
-0.993286;0.115683
-0.992739;0.120288
-0.992174;0.124864
-0.991591;0.129411
-0.990991;0.13393
-0.990374;0.13842
-0.98974;0.142881
-0.98909;0.147313
-0.988424;0.151717
-0.987742;0.156093
-0.987046;0.16044
-0.986334;0.164759
-0.985607;0.169051
-0.984867;0.173314
-0.984112;0.177549
-0.983344;0.181756
-0.982562;0.185936
-0.981767;0.190088
-0.98096;0.194212
-0.980139;0.19831
-0.979307;0.20238
-0.978463;0.206423
-0.977607;0.210439
-0.97674;0.214429
-0.975861;0.218392
-0.974972;0.222329
-0.974072;0.22624
-0.973161;0.230124
-0.972236;0.234001
-0.971294;0.237883
-0.970334;0.241769
-0.969356;0.245659
-0.968361;0.249555
-0.967347;0.253455
-0.966315;0.257361
-0.965265;0.261273
-0.964196;0.265191
-0.963108;0.269114
-0.962001;0.273044
-0.960875;0.276981
-0.95973;0.280924
-0.958565;0.284874
-0.95738;0.288831
-0.956175;0.292795
-0.95495;0.296767
-0.953704;0.300746
-0.952438;0.304733
-0.95115;0.308728
-0.949842;0.312731
-0.948511;0.316743
-0.947159;0.320763
-0.945785;0.324792
-0.944389;0.32883
-0.94297;0.332876
-0.941529;0.336932
-0.940064;0.340997
-0.938576;0.345072
-0.937065;0.349156
-0.935529;0.35325
-0.933969;0.357354
-0.932385;0.361468
-0.930775;0.365592
-0.929141;0.369726
-0.927481;0.37387
-0.925795;0.378025
-0.924083;0.382191
-0.922345;0.386367
-0.92058;0.390554
-0.918788;0.394752
-0.916968;0.39896
-0.915121;0.40318
-0.913245;0.407411
-0.911341;0.411653
-0.909408;0.415906
-0.907445;0.420171
-0.905453;0.424446
-0.903431;0.428734
-0.901378;0.433032
-0.899295;0.437342
-0.897181;0.441663
-0.895035;0.445996
-0.892857;0.450341
-0.890647;0.454696
-0.888404;0.459063
-0.886127;0.463442
-0.883817;0.467832
-0.881474;0.472233
-0.879095;0.476646
-0.876682;0.48107
-0.874234;0.485505
-0.87175;0.489951
-0.86923;0.494408
-0.866674;0.498876
-0.86408;0.503354
-0.861449;0.507844
-0.85878;0.512344
-0.856073;0.516855
-0.853328;0.521375
-0.850543;0.525906
-0.847718;0.530447
-0.844854;0.534997
-0.841949;0.539558
-0.839003;0.544127
-0.836016;0.548706
-0.832987;0.553293
-0.829916;0.557889
-0.826802;0.562493
-0.823645;0.567106
-0.820445;0.571726
-0.8172;0.576354
-0.813912;0.580989
-0.810578;0.58563
-0.8072;0.590279
-0.803775;0.594933
-0.800305;0.599593
-0.796789;0.604258
-0.793225;0.608928
-0.789615;0.613603
-0.785957;0.618281
-0.782251;0.622964
-0.778497;0.627649
-0.774694;0.632337
-0.770842;0.637026
-0.766941;0.641718
-0.76299;0.64641
-0.75899;0.651103
-0.754939;0.655795
-0.750837;0.660487
-0.746685;0.665178
-0.742482;0.669866
-0.738228;0.674552
-0.733922;0.679234
-0.729564;0.683912
-0.725155;0.688586
-0.720693;0.693254
-0.71618;0.697916
-0.711614;0.702571
-0.706995;0.707219
-0.702324;0.711857
-0.697601;0.716487
-0.692824;0.721106
-0.687995;0.725715
-0.683114;0.730312
-0.678179;0.734896
-0.673193;0.739467
-0.668153;0.744024
-0.663061;0.748565
-0.657917;0.75309
-0.652721;0.757598
-0.647473;0.762089
-0.642173;0.76656
-0.636821;0.771012
-0.631418;0.775442
-0.625965;0.779852
-0.62046;0.784238
-0.614906;0.788601
-0.609301;0.792939
-0.603647;0.797252
-0.597949;0.801534
-0.592241;0.805761
-0.586531;0.809927
-0.580819;0.814033
-0.575106;0.818079
-0.569391;0.822067
-0.563676;0.825996
-0.55796;0.829868
-0.552244;0.833682
-0.546529;0.83744
-0.540814;0.841142
-0.5351;0.844789
-0.529387;0.848381
-0.523675;0.851918
-0.517965;0.855402
-0.512256;0.858833
-0.506549;0.862211
-0.500844;0.865537
-0.495142;0.868812
-0.489441;0.872036
-0.483743;0.87521
-0.478048;0.878334
-0.472354;0.881409
-0.466664;0.884435
-0.460976;0.887413
-0.455291;0.890343
-0.449608;0.893226
-0.443928;0.896063
-0.43825;0.898853
-0.432575;0.901598
-0.426903;0.904297
-0.421233;0.906952
-0.415566;0.909563
-0.4099;0.91213
-0.404238;0.914654
-0.398577;0.917135
-0.392918;0.919573
-0.387262;0.92197
-0.381607;0.924325
-0.375953;0.926639
-0.370302;0.928912
-0.364651;0.931144
-0.359002;0.933337
-0.353353;0.93549
-0.347706;0.937604
-0.342059;0.939678
-0.336413;0.941715
-0.330766;0.943713
-0.32512;0.945673
-0.319474;0.947595
-0.313827;0.94948
-0.308179;0.951328
-0.302531;0.95314
-0.296881;0.954915
-0.29123;0.956653
-0.285577;0.958356
-0.279922;0.960023
-0.274265;0.961654
-0.268605;0.96325
-0.262943;0.964811
-0.257277;0.966338
-0.251608;0.967829
-0.245936;0.969286
-0.240259;0.970709
-0.234578;0.972097
-0.228892;0.973452
-0.223202;0.974772
-0.217506;0.976059
-0.211805;0.977312
-0.206098;0.978531
-0.200384;0.979717
-0.194664;0.98087
-0.188937;0.981989
-0.183203;0.983075
-0.177461;0.984128
-0.171711;0.985147
-0.165953;0.986134
-0.160186;0.987087
-0.154411;0.988007
-0.148625;0.988894
-0.14283;0.989747
-0.137025;0.990568
-0.13121;0.991355
-0.125384;0.992108
-0.119546;0.992829
-0.113697;0.993515
-0.107836;0.994169
-0.101962;0.994788
-0.096076;0.995374
-0.090177;0.995926
-0.084264;0.996443
-0.078337;0.996927
-0.072396;0.997376
-0.066441;0.99779
-0.06047;0.99817
-0.054484;0.998515
-0.048482;0.998824
-0.042464;0.999098
-0.03643;0.999336
-0.030379;0.999538
-0.02431;0.999704
-0.018223;0.999834
-0.012119;0.999927
-0.005996;0.999982
0.000145;1.0
0.006306;0.99998
0.012487;0.999922
0.018687;0.999825
0.024908;0.99969
0.031149;0.999515
0.037411;0.9993
0.043695;0.999045
0.05;0.998749
0.056328;0.998412
0.062677;0.998034
0.06905;0.997613
0.075445;0.99715
0.081864;0.996643
0.088307;0.996093
0.094774;0.995499
0.101265;0.99486
0.10778;0.994175
0.114294;0.993447
0.120739;0.992684
0.12711;0.991889
0.133406;0.991062
0.139625;0.990204
0.145767;0.989319
0.151829;0.988407
0.157811;0.987469
0.163713;0.986508
0.169532;0.985525
0.175268;0.984521
0.18092;0.983498
0.186487;0.982457
0.191969;0.981401
0.197366;0.98033
0.202675;0.979246
0.207898;0.978151
0.213033;0.977045
0.21808;0.975931
0.223039;0.974809
0.22791;0.973682
0.232692;0.972551
0.237385;0.971416
0.241989;0.970279
0.246504;0.969142
0.250929;0.968005
0.255266;0.966871
0.259513;0.96574
0.263672;0.964612
0.267741;0.963491
0.271722;0.962376
0.275614;0.961269
0.279417;0.96017
0.283132;0.959081
0.286759;0.958003
0.290298;0.956936
0.293749;0.955883
0.297113;0.954842
0.30039;0.953816
0.303581;0.952806
0.306685;0.951811
0.309703;0.950833
0.312635;0.949873
0.315482;0.948932
0.318244;0.948009
0.320921;0.947106
0.323514;0.946223
0.326024;0.945362
0.328449;0.944522
0.330792;0.943704
0.333051;0.942909
0.335228;0.942137
0.337323;0.941389
0.339336;0.940665
0.341268;0.939966
0.343118;0.939292
0.344888;0.938644
0.346577;0.938021
0.348186;0.937425
0.349715;0.936856
0.351165;0.936314
0.352535;0.935799
0.353827;0.935311
0.355039;0.934851
0.356173;0.93442
0.357228;0.934017
0.358206;0.933643
0.359105;0.933297
0.359927;0.93298
0.360672;0.932693
0.361338;0.932435
0.361928;0.932206
0.36244;0.932007
0.362876;0.931837
0.363235;0.931698
0.363516;0.931588
0.363721;0.931508
0.363849;0.931458
0.363901;0.931438
0.363876;0.931448
0.363774;0.931487
0.363595;0.931557
0.36334;0.931657
0.363008;0.931786
0.362599;0.931945
0.362113;0.932134
0.36155;0.932353
0.36091;0.9326
0.360193;0.932878
0.359399;0.933184
0.358527;0.93352
0.357577;0.933884
0.356549;0.934277
0.355443;0.934698
0.354259;0.935147
0.352996;0.935625
0.351655;0.93613
0.350234;0.936662
0.348735;0.937222
0.347155;0.937808
0.345496;0.93842
0.343757;0.939059
0.341937;0.939723
0.340037;0.940412
0.338055;0.941126
0.335992;0.941865
0.333848;0.942627
0.331621;0.943413
0.329312;0.944221
0.32692;0.945052
0.324446;0.945904
0.321887;0.946778
0.319245;0.947672
0.316519;0.948586
0.313709;0.949519
0.310813;0.950471
0.307833;0.95144
0.304767;0.952427
0.301615;0.95343
0.298377;0.954448
0.295053;0.955481
0.291642;0.956528
0.288144;0.957587
0.284559;0.958658
0.280887;0.959741
0.277126;0.960833
0.273278;0.961935
0.269342;0.963045
0.265318;0.964161
0.261205;0.965283
0.257031;0.966403
0.252875;0.967499
0.248743;0.968569
0.244636;0.969615
0.240554;0.970636
0.236498;0.971632
0.232467;0.972604
0.228462;0.973553
0.224483;0.974478
0.22053;0.97538
0.216604;0.97626
0.212705;0.977116
0.208833;0.977951
0.204989;0.978764
0.201172;0.979556
0.197383;0.980326
0.193623;0.981076
0.18989;0.981805
0.186186;0.982515
0.18251;0.983204
0.178863;0.983874
0.175245;0.984525
0.171655;0.985157
0.168095;0.985771
0.164565;0.986366
0.161063;0.986944
0.157591;0.987504
0.154149;0.988048
0.150736;0.988574
0.147353;0.989084
0.144;0.989578
0.140677;0.990056
0.137383;0.990518
0.13412;0.990965
0.130887;0.991397
0.127683;0.991815
0.12451;0.992218
0.121367;0.992608
0.118255;0.992983
0.115172;0.993346
0.11212;0.993695
0.109098;0.994031
0.106106;0.994355
0.103144;0.994666
0.100213;0.994966
0.097312;0.995254
0.094441;0.99553
0.0916;0.995796
0.088789;0.99605
0.086009;0.996294
0.083258;0.996528
0.080538;0.996752
0.077848;0.996965
0.075187;0.997169
0.072557;0.997364
0.069957;0.99755
0.067386;0.997727
0.064846;0.997895
0.062335;0.998055
0.059853;0.998207
0.057402;0.998351
0.05498;0.998487
0.052588;0.998616
0.050225;0.998738
0.047892;0.998853
0.045588;0.99896
0.043313;0.999062
0.041068;0.999156
0.038852;0.999245
0.036665;0.999328
0.034507;0.999404
0.032378;0.999476
0.030278;0.999542
0.028207;0.999602
0.026165;0.999658
0.024151;0.999708
0.022166;0.999754
0.02021;0.999796
0.018283;0.999833
0.016384;0.999866
0.014513;0.999895
0.012671;0.99992
0.010857;0.999941
0.009071;0.999959
0.007313;0.999973
0.005584;0.999984
0.003883;0.999992
0.002209;0.999998
0.000564;1.0
-0.001053;0.999999
-0.002643;0.999997
-0.004204;0.999991
-0.005738;0.999984
-0.007245;0.999974
-0.008723;0.999962
-0.010174;0.999948
-0.011598;0.999933
-0.012993;0.999916
-0.014362;0.999897
-0.015703;0.999877
-0.017016;0.999855
-0.018302;0.999833
-0.019561;0.999809
-0.020792;0.999784
-0.021996;0.999758
-0.023173;0.999731
-0.024323;0.999704
-0.025445;0.999676
-0.02654;0.999648
-0.027608;0.999619
-0.028649;0.99959
-0.029663;0.99956
-0.030649;0.99953
-0.031608;0.9995
-0.03254;0.99947
-0.033445;0.999441
-0.034323;0.999411
-0.035173;0.999381
-0.035997;0.999352
-0.036793;0.999323
-0.037562;0.999294
-0.038303;0.999266
-0.039018;0.999239
-0.039705;0.999211
-0.040364;0.999185
-0.040997;0.999159
